time,RTR-576,SCD30,SCD41
2021/6/1 0:00,420,434,447
2021/6/1 0:01,420,432,446
2021/6/1 0:02,420,431,448
2021/6/1 0:03,420,434,448
2021/6/1 0:04,421,436,447
2021/6/1 0:05,421,437,449
2021/6/1 0:06,421,437,448
2021/6/1 0:07,421,435,449
2021/6/1 0:08,421,435,451
2021/6/1 0:09,421,435,450
2021/6/1 0:10,421,437,450
2021/6/1 0:11,422,440,452
2021/6/1 0:12,422,442,450
2021/6/1 0:13,422,443,450
2021/6/1 0:14,422,439,450
2021/6/1 0:15,422,439,450
2021/6/1 0:16,422,441,447
2021/6/1 0:17,422,442,449
2021/6/1 0:18,421,441,451
2021/6/1 0:19,423,442,450
2021/6/1 0:20,423,443,450
2021/6/1 0:21,423,443,449
2021/6/1 0:22,424,442,452
2021/6/1 0:23,423,444,453
2021/6/1 0:24,423,446,454
2021/6/1 0:25,423,447,454
2021/6/1 0:26,424,448,451
2021/6/1 0:27,424,445,450
2021/6/1 0:28,424,443,452
2021/6/1 0:29,423,442,450
2021/6/1 0:30,423,443,450
2021/6/1 0:31,424,443,449
2021/6/1 0:32,424,444,448
2021/6/1 0:33,424,442,449
2021/6/1 0:34,424,444,449
2021/6/1 0:35,424,448,450
2021/6/1 0:36,425,448,453
2021/6/1 0:37,424,446,451
2021/6/1 0:38,425,446,451
2021/6/1 0:39,424,445,452
2021/6/1 0:40,424,443,451
2021/6/1 0:41,425,442,453
2021/6/1 0:42,426,442,451
2021/6/1 0:43,426,442,454
2021/6/1 0:44,426,442,456
2021/6/1 0:45,427,444,455
2021/6/1 0:46,426,445,452
2021/6/1 0:47,426,446,452
2021/6/1 0:48,426,447,453
2021/6/1 0:49,426,447,454
2021/6/1 0:50,426,447,455
2021/6/1 0:51,425,448,455
2021/6/1 0:52,425,447,453
2021/6/1 0:53,426,449,452
2021/6/1 0:54,425,449,452
2021/6/1 0:55,425,448,451
2021/6/1 0:56,425,445,451
2021/6/1 0:57,425,443,452
2021/6/1 0:58,425,441,451
2021/6/1 0:59,425,442,451
2021/6/1 1:00,425,442,451
2021/6/1 1:01,425,442,454
2021/6/1 1:02,425,441,451
2021/6/1 1:03,425,440,451
2021/6/1 1:04,425,438,453
2021/6/1 1:05,425,438,453
2021/6/1 1:06,425,439,453
2021/6/1 1:07,425,440,455
2021/6/1 1:08,426,440,458
2021/6/1 1:09,425,440,456
2021/6/1 1:10,425,442,454
2021/6/1 1:11,425,441,452
2021/6/1 1:12,425,441,450
2021/6/1 1:13,425,442,451
2021/6/1 1:14,425,440,451
2021/6/1 1:15,425,440,450
2021/6/1 1:16,425,440,451
2021/6/1 1:17,425,440,449
2021/6/1 1:18,425,440,449
2021/6/1 1:19,425,439,448
2021/6/1 1:20,425,439,447
2021/6/1 1:21,425,439,445
2021/6/1 1:22,426,442,448
2021/6/1 1:23,426,440,449
2021/6/1 1:24,425,441,447
2021/6/1 1:25,425,444,450
2021/6/1 1:26,425,444,451
2021/6/1 1:27,425,443,452
2021/6/1 1:28,425,444,452
2021/6/1 1:29,425,443,449
2021/6/1 1:30,425,441,449
2021/6/1 1:31,425,440,448
2021/6/1 1:32,425,439,448
2021/6/1 1:33,425,438,448
2021/6/1 1:34,425,437,449
2021/6/1 1:35,425,437,450
2021/6/1 1:36,425,435,449
2021/6/1 1:37,425,439,449
2021/6/1 1:38,425,439,446
2021/6/1 1:39,425,442,448
2021/6/1 1:40,425,441,447
2021/6/1 1:41,425,440,448
2021/6/1 1:42,424,439,449
2021/6/1 1:43,424,438,448
2021/6/1 1:44,424,440,447
2021/6/1 1:45,423,442,446
2021/6/1 1:46,423,444,446
2021/6/1 1:47,423,444,445
2021/6/1 1:48,423,445,446
2021/6/1 1:49,423,444,445
2021/6/1 1:50,424,443,444
2021/6/1 1:51,424,445,443
2021/6/1 1:52,424,443,444
2021/6/1 1:53,423,440,447
2021/6/1 1:54,423,441,447
2021/6/1 1:55,423,443,445
2021/6/1 1:56,423,443,448
2021/6/1 1:57,422,444,446
2021/6/1 1:58,422,446,445
2021/6/1 1:59,422,446,444
2021/6/1 2:00,422,449,445
2021/6/1 2:01,422,448,445
2021/6/1 2:02,422,449,446
2021/6/1 2:03,423,450,445
2021/6/1 2:04,422,450,446
2021/6/1 2:05,422,450,445
2021/6/1 2:06,422,449,445
2021/6/1 2:07,423,450,445
2021/6/1 2:08,423,450,446
2021/6/1 2:09,423,449,446
2021/6/1 2:10,423,450,445
2021/6/1 2:11,424,449,443
2021/6/1 2:12,424,450,444
2021/6/1 2:13,424,450,444
2021/6/1 2:14,424,449,444
2021/6/1 2:15,424,447,444
2021/6/1 2:16,424,449,446
2021/6/1 2:17,424,447,443
2021/6/1 2:18,423,444,442
2021/6/1 2:19,424,445,444
2021/6/1 2:20,424,446,444
2021/6/1 2:21,424,447,444
2021/6/1 2:22,424,447,446
2021/6/1 2:23,424,448,443
2021/6/1 2:24,425,447,443
2021/6/1 2:25,425,448,443
2021/6/1 2:26,425,448,446
2021/6/1 2:27,425,445,447
2021/6/1 2:28,424,447,445
2021/6/1 2:29,424,442,445
2021/6/1 2:30,425,442,445
2021/6/1 2:31,424,442,445
2021/6/1 2:32,424,441,444
2021/6/1 2:33,425,442,443
2021/6/1 2:34,425,443,443
2021/6/1 2:35,425,444,445
2021/6/1 2:36,425,444,445
2021/6/1 2:37,425,445,446
2021/6/1 2:38,425,447,447
2021/6/1 2:39,425,446,446
2021/6/1 2:40,425,448,446
2021/6/1 2:41,425,447,447
2021/6/1 2:42,425,443,449
2021/6/1 2:43,426,443,449
2021/6/1 2:44,426,443,449
2021/6/1 2:45,425,444,448
2021/6/1 2:46,425,445,447
2021/6/1 2:47,425,445,447
2021/6/1 2:48,426,447,448
2021/6/1 2:49,425,447,448
2021/6/1 2:50,425,448,449
2021/6/1 2:51,425,445,449
2021/6/1 2:52,425,444,447
2021/6/1 2:53,426,445,448
2021/6/1 2:54,425,443,448
2021/6/1 2:55,427,443,446
2021/6/1 2:56,426,441,446
2021/6/1 2:57,425,443,446
2021/6/1 2:58,425,443,444
2021/6/1 2:59,425,443,444
2021/6/1 3:00,426,442,447
2021/6/1 3:01,426,439,445
2021/6/1 3:02,426,441,445
2021/6/1 3:03,426,442,446
2021/6/1 3:04,426,445,445
2021/6/1 3:05,426,443,445
2021/6/1 3:06,425,442,444
2021/6/1 3:07,425,442,446
2021/6/1 3:08,425,442,449
2021/6/1 3:09,425,442,448
2021/6/1 3:10,425,443,446
2021/6/1 3:11,425,444,445
2021/6/1 3:12,425,444,444
2021/6/1 3:13,425,444,444
2021/6/1 3:14,424,443,445
2021/6/1 3:15,424,445,446
2021/6/1 3:16,424,447,447
2021/6/1 3:17,424,447,448
2021/6/1 3:18,424,447,445
2021/6/1 3:19,424,448,445
2021/6/1 3:20,424,446,446
2021/6/1 3:21,424,443,445
2021/6/1 3:22,424,443,446
2021/6/1 3:23,424,442,446
2021/6/1 3:24,424,439,444
2021/6/1 3:25,424,441,444
2021/6/1 3:26,425,445,444
2021/6/1 3:27,424,445,443
2021/6/1 3:28,424,443,445
2021/6/1 3:29,424,444,444
2021/6/1 3:30,424,444,445
2021/6/1 3:31,423,445,445
2021/6/1 3:32,422,445,446
2021/6/1 3:33,422,445,446
2021/6/1 3:34,422,445,447
2021/6/1 3:35,423,445,446
2021/6/1 3:36,423,446,445
2021/6/1 3:37,423,447,446
2021/6/1 3:38,423,445,444
2021/6/1 3:39,423,444,444
2021/6/1 3:40,423,441,444
2021/6/1 3:41,423,440,445
2021/6/1 3:42,423,439,445
2021/6/1 3:43,423,441,445
2021/6/1 3:44,424,443,444
2021/6/1 3:45,423,444,445
2021/6/1 3:46,423,442,445
2021/6/1 3:47,424,441,444
2021/6/1 3:48,422,443,444
2021/6/1 3:49,422,440,444
2021/6/1 3:50,422,440,444
2021/6/1 3:51,423,439,442
2021/6/1 3:52,423,435,442
2021/6/1 3:53,422,437,442
2021/6/1 3:54,423,440,444
2021/6/1 3:55,424,442,443
2021/6/1 3:56,423,445,442
2021/6/1 3:57,423,440,442
2021/6/1 3:58,423,443,443
2021/6/1 3:59,423,440,442
2021/6/1 4:00,423,438,439
2021/6/1 4:01,423,440,440
2021/6/1 4:02,423,442,439
2021/6/1 4:03,423,443,443
2021/6/1 4:04,423,441,444
2021/6/1 4:05,422,436,441
2021/6/1 4:06,423,435,441
2021/6/1 4:07,423,435,440
2021/6/1 4:08,423,436,442
2021/6/1 4:09,423,438,441
2021/6/1 4:10,423,442,445
2021/6/1 4:11,423,443,446
2021/6/1 4:12,423,446,445
2021/6/1 4:13,423,446,445
2021/6/1 4:14,422,448,445
2021/6/1 4:15,423,449,447
2021/6/1 4:16,423,450,445
2021/6/1 4:17,423,449,445
2021/6/1 4:18,423,450,443
2021/6/1 4:19,423,453,444
2021/6/1 4:20,423,453,444
2021/6/1 4:21,423,451,444
2021/6/1 4:22,423,452,444
2021/6/1 4:23,423,454,444
2021/6/1 4:24,424,453,445
2021/6/1 4:25,424,453,444
2021/6/1 4:26,424,453,444
2021/6/1 4:27,424,454,442
2021/6/1 4:28,423,452,444
2021/6/1 4:29,423,452,445
2021/6/1 4:30,423,450,444
2021/6/1 4:31,422,448,441
2021/6/1 4:32,422,449,440
2021/6/1 4:33,422,447,441
2021/6/1 4:34,423,444,443
2021/6/1 4:35,423,445,444
2021/6/1 4:36,424,443,445
2021/6/1 4:37,424,444,445
2021/6/1 4:38,424,444,444
2021/6/1 4:39,424,445,447
2021/6/1 4:40,424,445,446
2021/6/1 4:41,425,445,444
2021/6/1 4:42,425,448,444
2021/6/1 4:43,425,446,445
2021/6/1 4:44,425,450,446
2021/6/1 4:45,425,450,447
2021/6/1 4:46,425,452,446
2021/6/1 4:47,425,451,447
2021/6/1 4:48,426,449,446
2021/6/1 4:49,425,448,445
2021/6/1 4:50,425,446,446
2021/6/1 4:51,425,445,445
2021/6/1 4:52,425,444,446
2021/6/1 4:53,425,447,447
2021/6/1 4:54,425,445,448
2021/6/1 4:55,425,446,447
2021/6/1 4:56,425,446,446
2021/6/1 4:57,425,447,446
2021/6/1 4:58,425,448,444
2021/6/1 4:59,425,448,445
2021/6/1 5:00,424,446,442
2021/6/1 5:01,426,447,443
2021/6/1 5:02,426,446,446
2021/6/1 5:03,425,448,445
2021/6/1 5:04,426,447,447
2021/6/1 5:05,426,446,448
2021/6/1 5:06,425,447,445
2021/6/1 5:07,425,447,444
2021/6/1 5:08,426,448,444
2021/6/1 5:09,426,451,443
2021/6/1 5:10,426,452,444
2021/6/1 5:11,426,450,444
2021/6/1 5:12,426,451,445
2021/6/1 5:13,426,453,447
2021/6/1 5:14,425,455,446
2021/6/1 5:15,426,453,448
2021/6/1 5:16,426,452,447
2021/6/1 5:17,427,451,447
2021/6/1 5:18,427,453,447
2021/6/1 5:19,426,454,447
2021/6/1 5:20,426,454,448
2021/6/1 5:21,427,455,446
2021/6/1 5:22,426,455,448
2021/6/1 5:23,426,456,447
2021/6/1 5:24,426,457,451
2021/6/1 5:25,425,456,449
2021/6/1 5:26,426,456,452
2021/6/1 5:27,426,456,450
2021/6/1 5:28,426,453,450
2021/6/1 5:29,426,452,451
2021/6/1 5:30,427,451,452
2021/6/1 5:31,427,453,451
2021/6/1 5:32,426,457,450
2021/6/1 5:33,426,459,451
2021/6/1 5:34,426,455,449
2021/6/1 5:35,426,454,448
2021/6/1 5:36,427,452,447
2021/6/1 5:37,427,453,447
2021/6/1 5:38,427,453,447
2021/6/1 5:39,427,451,446
2021/6/1 5:40,427,450,446
2021/6/1 5:41,427,449,446
2021/6/1 5:42,427,446,448
2021/6/1 5:43,427,448,448
2021/6/1 5:44,427,450,446
2021/6/1 5:45,427,449,449
2021/6/1 5:46,427,453,450
2021/6/1 5:47,426,452,449
2021/6/1 5:48,426,451,446
2021/6/1 5:49,426,449,444
2021/6/1 5:50,427,449,445
2021/6/1 5:51,427,449,445
2021/6/1 5:52,428,452,447
2021/6/1 5:53,428,454,448
2021/6/1 5:54,427,454,447
2021/6/1 5:55,427,453,448
2021/6/1 5:56,426,454,449
2021/6/1 5:57,427,454,450
2021/6/1 5:58,426,452,449
2021/6/1 5:59,425,453,450
2021/6/1 6:00,427,455,449
2021/6/1 6:01,427,455,448
2021/6/1 6:02,428,451,446
2021/6/1 6:03,429,450,448
2021/6/1 6:04,429,450,450
2021/6/1 6:05,428,451,447
2021/6/1 6:06,429,450,447
2021/6/1 6:07,428,450,446
2021/6/1 6:08,428,447,448
2021/6/1 6:09,428,448,448
2021/6/1 6:10,428,449,450
2021/6/1 6:11,428,451,451
2021/6/1 6:12,427,449,451
2021/6/1 6:13,427,450,451
2021/6/1 6:14,428,449,449
2021/6/1 6:15,428,451,446
2021/6/1 6:16,428,447,446
2021/6/1 6:17,428,448,447
2021/6/1 6:18,428,448,445
2021/6/1 6:19,428,445,447
2021/6/1 6:20,428,445,449
2021/6/1 6:21,428,446,448
2021/6/1 6:22,428,445,449
2021/6/1 6:23,429,447,447
2021/6/1 6:24,428,449,450
2021/6/1 6:25,427,450,451
2021/6/1 6:26,427,451,450
2021/6/1 6:27,429,450,450
2021/6/1 6:28,428,450,450
2021/6/1 6:29,428,448,448
2021/6/1 6:30,428,451,451
2021/6/1 6:31,428,450,449
2021/6/1 6:32,429,450,448
2021/6/1 6:33,429,448,450
2021/6/1 6:34,429,449,451
2021/6/1 6:35,429,448,449
2021/6/1 6:36,428,450,450
2021/6/1 6:37,429,449,451
2021/6/1 6:38,429,448,450
2021/6/1 6:39,429,450,451
2021/6/1 6:40,428,449,450
2021/6/1 6:41,429,448,451
2021/6/1 6:42,428,446,450
2021/6/1 6:43,428,449,448
2021/6/1 6:44,429,450,449
2021/6/1 6:45,429,454,448
2021/6/1 6:46,429,455,450
2021/6/1 6:47,429,454,447
2021/6/1 6:48,431,453,447
2021/6/1 6:49,444,450,450
2021/6/1 6:50,453,450,458
2021/6/1 6:51,454,458,462
2021/6/1 6:52,452,464,468
2021/6/1 6:53,451,467,469
2021/6/1 6:54,454,468,469
2021/6/1 6:55,455,469,471
2021/6/1 6:56,460,470,472
2021/6/1 6:57,464,473,475
2021/6/1 6:58,464,475,478
2021/6/1 6:59,468,479,482
2021/6/1 7:00,470,480,484
2021/6/1 7:01,470,482,485
2021/6/1 7:02,471,485,488
2021/6/1 7:03,473,482,489
2021/6/1 7:04,475,487,491
2021/6/1 7:05,475,489,493
2021/6/1 7:06,476,490,495
2021/6/1 7:07,477,489,496
2021/6/1 7:08,477,488,496
2021/6/1 7:09,476,492,498
2021/6/1 7:10,477,494,498
2021/6/1 7:11,477,496,498
2021/6/1 7:12,477,498,498
2021/6/1 7:13,479,495,500
2021/6/1 7:14,479,496,499
2021/6/1 7:15,478,497,501
2021/6/1 7:16,478,495,501
2021/6/1 7:17,479,491,501
2021/6/1 7:18,479,489,501
2021/6/1 7:19,478,488,500
2021/6/1 7:20,479,491,500
2021/6/1 7:21,479,493,500
2021/6/1 7:22,479,492,498
2021/6/1 7:23,479,487,495
2021/6/1 7:24,479,487,496
2021/6/1 7:25,477,487,497
2021/6/1 7:26,472,487,497
2021/6/1 7:27,471,484,493
2021/6/1 7:28,470,482,492
2021/6/1 7:29,471,483,492
2021/6/1 7:30,467,483,492
2021/6/1 7:31,468,481,490
2021/6/1 7:32,466,482,490
2021/6/1 7:33,466,482,489
2021/6/1 7:34,469,480,486
2021/6/1 7:35,463,482,485
2021/6/1 7:36,462,478,483
2021/6/1 7:37,467,475,480
2021/6/1 7:38,472,475,481
2021/6/1 7:39,467,479,485
2021/6/1 7:40,469,480,488
2021/6/1 7:41,469,480,486
2021/6/1 7:42,462,481,488
2021/6/1 7:43,464,477,487
2021/6/1 7:44,456,476,480
2021/6/1 7:45,461,475,477
2021/6/1 7:46,461,472,476
2021/6/1 7:47,464,468,479
2021/6/1 7:48,463,468,479
2021/6/1 7:49,456,468,480
2021/6/1 7:50,454,469,479
2021/6/1 7:51,453,468,478
2021/6/1 7:52,459,466,476
2021/6/1 7:53,464,466,476
2021/6/1 7:54,459,469,477
2021/6/1 7:55,455,471,479
2021/6/1 7:56,458,468,477
2021/6/1 7:57,460,462,476
2021/6/1 7:58,461,463,479
2021/6/1 7:59,460,465,478
2021/6/1 8:00,457,465,480
2021/6/1 8:01,455,466,479
2021/6/1 8:02,459,466,478
2021/6/1 8:03,461,468,478
2021/6/1 8:04,462,467,479
2021/6/1 8:05,460,470,480
2021/6/1 8:06,466,469,479
2021/6/1 8:07,467,472,479
2021/6/1 8:08,466,476,481
2021/6/1 8:09,461,478,481
2021/6/1 8:10,459,476,483
2021/6/1 8:11,457,474,483
2021/6/1 8:12,459,475,483
2021/6/1 8:13,461,475,482
2021/6/1 8:14,457,475,480
2021/6/1 8:15,455,476,482
2021/6/1 8:16,453,472,481
2021/6/1 8:17,451,470,479
2021/6/1 8:18,448,467,476
2021/6/1 8:19,448,467,472
2021/6/1 8:20,451,468,472
2021/6/1 8:21,450,468,469
2021/6/1 8:22,450,469,472
2021/6/1 8:23,456,466,469
2021/6/1 8:24,452,471,469
2021/6/1 8:25,447,473,473
2021/6/1 8:26,452,471,472
2021/6/1 8:27,457,468,468
2021/6/1 8:28,461,468,470
2021/6/1 8:29,460,471,473
2021/6/1 8:30,452,472,477
2021/6/1 8:31,447,473,478
2021/6/1 8:32,449,470,474
2021/6/1 8:33,462,470,472
2021/6/1 8:34,460,471,474
2021/6/1 8:35,454,475,478
2021/6/1 8:36,456,474,479
2021/6/1 8:37,456,474,476
2021/6/1 8:38,458,472,478
2021/6/1 8:39,458,470,478
2021/6/1 8:40,453,473,476
2021/6/1 8:41,447,472,476
2021/6/1 8:42,445,468,475
2021/6/1 8:43,446,465,472
2021/6/1 8:44,446,463,470
2021/6/1 8:45,447,463,468
2021/6/1 8:46,447,465,469
2021/6/1 8:47,447,461,468
2021/6/1 8:48,444,464,467
2021/6/1 8:49,443,462,468
2021/6/1 8:50,444,461,468
2021/6/1 8:51,444,457,467
2021/6/1 8:52,445,454,466
2021/6/1 8:53,449,456,466
2021/6/1 8:54,454,458,466
2021/6/1 8:55,457,462,467
2021/6/1 8:56,457,465,469
2021/6/1 8:57,452,470,474
2021/6/1 8:58,450,468,473
2021/6/1 8:59,446,469,471
2021/6/1 9:00,442,466,470
2021/6/1 9:01,443,462,468
2021/6/1 9:02,445,460,466
2021/6/1 9:03,445,463,468
2021/6/1 9:04,444,466,467
2021/6/1 9:05,440,465,467
2021/6/1 9:06,441,463,464
2021/6/1 9:07,440,462,464
2021/6/1 9:08,442,460,464
2021/6/1 9:09,443,459,462
2021/6/1 9:10,443,462,463
2021/6/1 9:11,445,461,462
2021/6/1 9:12,444,458,463
2021/6/1 9:13,442,460,464
2021/6/1 9:14,443,460,464
2021/6/1 9:15,441,459,464
2021/6/1 9:16,438,460,462
2021/6/1 9:17,440,460,460
2021/6/1 9:18,441,458,458
2021/6/1 9:19,440,461,463
2021/6/1 9:20,437,460,464
2021/6/1 9:21,434,459,462
2021/6/1 9:22,434,458,460
2021/6/1 9:23,432,457,460
2021/6/1 9:24,433,457,459
2021/6/1 9:25,432,455,454
2021/6/1 9:26,431,454,455
2021/6/1 9:27,430,458,454
2021/6/1 9:28,434,458,455
2021/6/1 9:29,442,459,456
2021/6/1 9:30,441,461,455
2021/6/1 9:31,435,465,458
2021/6/1 9:32,432,461,459
2021/6/1 9:33,430,459,457
2021/6/1 9:34,429,459,457
2021/6/1 9:35,433,455,456
2021/6/1 9:36,438,453,456
2021/6/1 9:37,442,456,455
2021/6/1 9:38,440,460,459
2021/6/1 9:39,441,459,462
2021/6/1 9:40,450,461,461
2021/6/1 9:41,447,464,462
2021/6/1 9:42,443,466,464
2021/6/1 9:43,444,464,464
2021/6/1 9:44,444,465,463
2021/6/1 9:45,445,466,463
2021/6/1 9:46,448,467,464
2021/6/1 9:47,445,469,465
2021/6/1 9:48,441,469,468
2021/6/1 9:49,441,464,466
2021/6/1 9:50,445,463,465
2021/6/1 9:51,443,462,464
2021/6/1 9:52,445,461,466
2021/6/1 9:53,440,462,463
2021/6/1 9:54,447,464,465
2021/6/1 9:55,445,467,466
2021/6/1 9:56,451,467,464
2021/6/1 9:57,447,470,466
2021/6/1 9:58,434,470,469
2021/6/1 9:59,434,465,469
2021/6/1 10:00,439,460,466
2021/6/1 10:01,440,461,466
2021/6/1 10:02,439,460,468
2021/6/1 10:03,438,463,469
2021/6/1 10:04,438,464,466
2021/6/1 10:05,438,464,465
2021/6/1 10:06,434,462,462
2021/6/1 10:07,435,462,461
2021/6/1 10:08,441,460,459
2021/6/1 10:09,446,460,461
2021/6/1 10:10,449,459,465
2021/6/1 10:11,450,465,465
2021/6/1 10:12,450,470,468
2021/6/1 10:13,450,472,471
2021/6/1 10:14,449,475,475
2021/6/1 10:15,446,478,478
2021/6/1 10:16,442,478,474
2021/6/1 10:17,435,478,472
2021/6/1 10:18,433,477,469
2021/6/1 10:19,432,473,468
2021/6/1 10:20,435,469,465
2021/6/1 10:21,434,466,461
2021/6/1 10:22,435,462,461
2021/6/1 10:23,434,461,462
2021/6/1 10:24,433,461,462
2021/6/1 10:25,430,457,462
2021/6/1 10:26,430,453,461
2021/6/1 10:27,431,452,461
2021/6/1 10:28,424,455,464
2021/6/1 10:29,420,454,462
2021/6/1 10:30,417,451,455
2021/6/1 10:31,417,448,451
2021/6/1 10:32,417,445,446
2021/6/1 10:33,417,443,445
2021/6/1 10:34,416,440,447
2021/6/1 10:35,412,438,445
2021/6/1 10:36,410,436,444
2021/6/1 10:37,410,435,442
2021/6/1 10:38,410,431,440
2021/6/1 10:39,408,431,437
2021/6/1 10:40,406,431,433
2021/6/1 10:41,407,429,431
2021/6/1 10:42,407,430,430
2021/6/1 10:43,407,431,428
2021/6/1 10:44,407,431,430
2021/6/1 10:45,411,432,431
2021/6/1 10:46,419,428,431
2021/6/1 10:47,420,428,432
2021/6/1 10:48,422,432,439
2021/6/1 10:49,426,435,441
2021/6/1 10:50,428,441,443
2021/6/1 10:51,429,446,448
2021/6/1 10:52,432,444,452
2021/6/1 10:53,428,446,457
2021/6/1 10:54,425,449,460
2021/6/1 10:55,423,448,456
2021/6/1 10:56,422,447,454
2021/6/1 10:57,422,446,453
2021/6/1 10:58,423,445,453
2021/6/1 10:59,423,447,453
2021/6/1 11:00,425,449,449
2021/6/1 11:01,439,448,450
2021/6/1 11:02,430,452,452
2021/6/1 11:03,423,459,457
2021/6/1 11:04,422,458,456
2021/6/1 11:05,419,454,455
2021/6/1 11:06,415,450,450
2021/6/1 11:07,414,446,445
2021/6/1 11:08,416,443,441
2021/6/1 11:09,418,442,439
2021/6/1 11:10,420,444,440
2021/6/1 11:11,429,444,442
2021/6/1 11:12,431,448,450
2021/6/1 11:13,434,448,451
2021/6/1 11:14,437,451,452
2021/6/1 11:15,437,454,454
2021/6/1 11:16,437,458,457
2021/6/1 11:17,440,462,457
2021/6/1 11:18,442,463,457
2021/6/1 11:19,443,464,454
2021/6/1 11:20,443,461,454
2021/6/1 11:21,444,461,456
2021/6/1 11:22,444,464,458
2021/6/1 11:23,445,466,459
2021/6/1 11:24,445,467,460
2021/6/1 11:25,449,468,465
2021/6/1 11:26,453,469,468
2021/6/1 11:27,453,474,470
2021/6/1 11:28,454,473,471
2021/6/1 11:29,454,477,472
2021/6/1 11:30,455,479,472
2021/6/1 11:31,456,477,473
2021/6/1 11:32,456,475,473
2021/6/1 11:33,456,475,474
2021/6/1 11:34,457,476,473
2021/6/1 11:35,457,476,472
2021/6/1 11:36,458,477,472
2021/6/1 11:37,461,479,476
2021/6/1 11:38,462,482,475
2021/6/1 11:39,462,486,474
2021/6/1 11:40,462,487,475
2021/6/1 11:41,463,487,478
2021/6/1 11:42,465,489,482
2021/6/1 11:43,465,490,486
2021/6/1 11:44,466,491,487
2021/6/1 11:45,466,491,488
2021/6/1 11:46,466,491,487
2021/6/1 11:47,468,492,485
2021/6/1 11:48,468,491,486
2021/6/1 11:49,476,491,487
2021/6/1 11:50,481,490,487
2021/6/1 11:51,482,494,489
2021/6/1 11:52,480,496,494
2021/6/1 11:53,480,497,498
2021/6/1 11:54,479,497,501
2021/6/1 11:55,478,498,500
2021/6/1 11:56,478,496,499
2021/6/1 11:57,478,496,498
2021/6/1 11:58,478,496,499
2021/6/1 11:59,478,498,499
2021/6/1 12:00,479,499,498
2021/6/1 12:01,478,498,498
2021/6/1 12:02,478,499,497
2021/6/1 12:03,477,498,498
2021/6/1 12:04,477,498,499
2021/6/1 12:05,477,497,499
2021/6/1 12:06,477,497,499
2021/6/1 12:07,478,498,497
2021/6/1 12:08,478,501,496
2021/6/1 12:09,479,501,499
2021/6/1 12:10,481,504,499
2021/6/1 12:11,481,503,500
2021/6/1 12:12,483,503,501
2021/6/1 12:13,484,503,503
2021/6/1 12:14,483,502,507
2021/6/1 12:15,483,504,507
2021/6/1 12:16,483,505,507
2021/6/1 12:17,484,505,503
2021/6/1 12:18,484,503,504
2021/6/1 12:19,486,505,505
2021/6/1 12:20,488,508,506
2021/6/1 12:21,490,507,508
2021/6/1 12:22,491,509,510
2021/6/1 12:23,492,511,512
2021/6/1 12:24,493,513,513
2021/6/1 12:25,493,514,516
2021/6/1 12:26,494,515,518
2021/6/1 12:27,495,512,516
2021/6/1 12:28,495,513,518
2021/6/1 12:29,494,512,517
2021/6/1 12:30,495,512,517
2021/6/1 12:31,495,514,518
2021/6/1 12:32,495,516,517
2021/6/1 12:33,496,514,518
2021/6/1 12:34,497,512,520
2021/6/1 12:35,497,513,523
2021/6/1 12:36,499,516,522
2021/6/1 12:37,499,516,523
2021/6/1 12:38,499,517,523
2021/6/1 12:39,499,518,523
2021/6/1 12:40,499,519,525
2021/6/1 12:41,500,521,523
2021/6/1 12:42,500,521,524
2021/6/1 12:43,501,523,525
2021/6/1 12:44,501,523,524
2021/6/1 12:45,502,522,522
2021/6/1 12:46,502,523,524
2021/6/1 12:47,503,524,524
2021/6/1 12:48,502,523,522
2021/6/1 12:49,502,521,525
2021/6/1 12:50,498,520,526
2021/6/1 12:51,497,521,524
2021/6/1 12:52,504,515,522
2021/6/1 12:53,512,513,523
2021/6/1 12:54,518,518,528
2021/6/1 12:55,523,526,535
2021/6/1 12:56,528,532,538
2021/6/1 12:57,530,537,540
2021/6/1 12:58,531,541,548
2021/6/1 12:59,532,545,553
2021/6/1 13:00,535,546,558
2021/6/1 13:01,535,549,559
2021/6/1 13:02,536,553,560
2021/6/1 13:03,536,555,561
2021/6/1 13:04,536,556,559
2021/6/1 13:05,535,554,560
2021/6/1 13:06,535,555,560
2021/6/1 13:07,536,557,560
2021/6/1 13:08,536,560,561
2021/6/1 13:09,536,560,563
2021/6/1 13:10,536,559,566
2021/6/1 13:11,536,557,568
2021/6/1 13:12,537,555,566
2021/6/1 13:13,536,554,567
2021/6/1 13:14,537,555,566
2021/6/1 13:15,536,557,565
2021/6/1 13:16,536,555,565
2021/6/1 13:17,536,556,566
2021/6/1 13:18,536,555,566
2021/6/1 13:19,536,555,565
2021/6/1 13:20,537,556,564
2021/6/1 13:21,537,556,566
2021/6/1 13:22,536,556,566
2021/6/1 13:23,537,554,564
2021/6/1 13:24,537,553,565
2021/6/1 13:25,537,554,564
2021/6/1 13:26,536,554,564
2021/6/1 13:27,536,552,563
2021/6/1 13:28,537,549,563
2021/6/1 13:29,538,550,569
2021/6/1 13:30,539,552,567
2021/6/1 13:31,539,558,567
2021/6/1 13:32,540,561,568
2021/6/1 13:33,541,562,570
2021/6/1 13:34,541,564,570
2021/6/1 13:35,542,561,571
2021/6/1 13:36,544,563,570
2021/6/1 13:37,545,564,572
2021/6/1 13:38,546,567,573
2021/6/1 13:39,546,566,571
2021/6/1 13:40,546,563,571
2021/6/1 13:41,545,563,571
2021/6/1 13:42,545,564,571
2021/6/1 13:43,545,565,572
2021/6/1 13:44,545,563,571
2021/6/1 13:45,544,563,574
2021/6/1 13:46,544,559,575
2021/6/1 13:47,544,558,575
2021/6/1 13:48,544,558,576
2021/6/1 13:49,543,561,575
2021/6/1 13:50,543,558,573
2021/6/1 13:51,543,558,570
2021/6/1 13:52,543,559,571
2021/6/1 13:53,535,557,571
2021/6/1 13:54,531,555,568
2021/6/1 13:55,528,550,567
2021/6/1 13:56,526,546,564
2021/6/1 13:57,533,546,561
2021/6/1 13:58,537,546,560
2021/6/1 13:59,544,545,559
2021/6/1 14:00,545,547,561
2021/6/1 14:01,546,553,562
2021/6/1 14:02,548,558,566
2021/6/1 14:03,550,559,569
2021/6/1 14:04,550,560,571
2021/6/1 14:05,549,559,577
2021/6/1 14:06,551,562,577
2021/6/1 14:07,551,563,580
2021/6/1 14:08,550,567,581
2021/6/1 14:09,550,567,581
2021/6/1 14:10,546,569,580
2021/6/1 14:11,547,568,582
2021/6/1 14:12,546,567,580
2021/6/1 14:13,546,563,577
2021/6/1 14:14,547,564,576
2021/6/1 14:15,548,564,575
2021/6/1 14:16,548,565,577
2021/6/1 14:17,548,563,578
2021/6/1 14:18,547,561,580
2021/6/1 14:19,547,561,580
2021/6/1 14:20,547,561,582
2021/6/1 14:21,547,560,583
2021/6/1 14:22,547,561,582
2021/6/1 14:23,548,561,583
2021/6/1 14:24,547,562,581
2021/6/1 14:25,547,560,581
2021/6/1 14:26,547,561,579
2021/6/1 14:27,547,559,576
2021/6/1 14:28,546,560,576
2021/6/1 14:29,545,560,577
2021/6/1 14:30,546,561,579
2021/6/1 14:31,547,559,580
2021/6/1 14:32,545,559,577
2021/6/1 14:33,545,562,579
2021/6/1 14:34,546,563,581
2021/6/1 14:35,546,565,579
2021/6/1 14:36,546,566,580
2021/6/1 14:37,543,565,578
2021/6/1 14:38,544,562,577
2021/6/1 14:39,544,563,575
2021/6/1 14:40,543,560,574
2021/6/1 14:41,542,560,576
2021/6/1 14:42,541,560,575
2021/6/1 14:43,541,558,574
2021/6/1 14:44,542,558,578
2021/6/1 14:45,546,556,578
2021/6/1 14:46,548,556,578
2021/6/1 14:47,547,554,578
2021/6/1 14:48,545,555,577
2021/6/1 14:49,545,556,576
2021/6/1 14:50,544,553,573
2021/6/1 14:51,543,556,573
2021/6/1 14:52,543,558,576
2021/6/1 14:53,551,558,574
2021/6/1 14:54,553,561,575
2021/6/1 14:55,556,565,580
2021/6/1 14:56,556,567,583
2021/6/1 14:57,556,568,585
2021/6/1 14:58,555,571,583
2021/6/1 14:59,553,571,585
2021/6/1 15:00,550,566,585
2021/6/1 15:01,549,570,584
2021/6/1 15:02,549,572,581
2021/6/1 15:03,549,572,581
2021/6/1 15:04,548,569,582
2021/6/1 15:05,548,571,583
2021/6/1 15:06,548,567,581
2021/6/1 15:07,547,568,579
2021/6/1 15:08,548,568,577
2021/6/1 15:09,547,568,576
2021/6/1 15:10,544,570,577
2021/6/1 15:11,544,566,576
2021/6/1 15:12,544,565,573
2021/6/1 15:13,543,564,573
2021/6/1 15:14,543,563,574
2021/6/1 15:15,543,561,574
2021/6/1 15:16,543,560,572
2021/6/1 15:17,543,563,572
2021/6/1 15:18,543,561,571
2021/6/1 15:19,544,561,572
2021/6/1 15:20,543,560,573
2021/6/1 15:21,542,560,571
2021/6/1 15:22,541,561,568
2021/6/1 15:23,540,559,569
2021/6/1 15:24,540,558,569
2021/6/1 15:25,541,555,571
2021/6/1 15:26,541,556,570
2021/6/1 15:27,543,556,571
2021/6/1 15:28,543,558,571
2021/6/1 15:29,542,558,570
2021/6/1 15:30,543,560,570
2021/6/1 15:31,543,562,570
2021/6/1 15:32,542,562,569
2021/6/1 15:33,542,563,568
2021/6/1 15:34,542,562,570
2021/6/1 15:35,542,562,570
2021/6/1 15:36,542,560,570
2021/6/1 15:37,541,560,572
2021/6/1 15:38,540,559,570
2021/6/1 15:39,541,558,572
2021/6/1 15:40,541,557,570
2021/6/1 15:41,542,559,570
2021/6/1 15:42,541,560,571
2021/6/1 15:43,541,561,573
2021/6/1 15:44,540,562,573
2021/6/1 15:45,540,562,571
2021/6/1 15:46,540,563,572
2021/6/1 15:47,540,566,571
2021/6/1 15:48,539,567,569
2021/6/1 15:49,539,565,571
2021/6/1 15:50,538,567,569
2021/6/1 15:51,538,564,570
2021/6/1 15:52,538,562,569
2021/6/1 15:53,538,562,569
2021/6/1 15:54,538,562,569
2021/6/1 15:55,538,563,569
2021/6/1 15:56,537,566,566
2021/6/1 15:57,537,565,566
2021/6/1 15:58,536,561,562
2021/6/1 15:59,536,559,563
2021/6/1 16:00,536,557,561
2021/6/1 16:01,535,552,560
2021/6/1 16:02,535,550,560
2021/6/1 16:03,534,554,562
2021/6/1 16:04,535,553,565
2021/6/1 16:05,534,555,564
2021/6/1 16:06,534,557,566
2021/6/1 16:09,534,560,565
2021/6/1 16:10,533,561,565
2021/6/1 16:11,532,562,562
2021/6/1 16:12,532,561,559
2021/6/1 16:13,532,558,559
2021/6/1 16:14,533,556,562
2021/6/1 16:15,533,555,561
2021/6/1 16:16,534,555,561
2021/6/1 16:17,533,553,563
2021/6/1 16:18,533,555,564
2021/6/1 16:19,532,556,564
2021/6/1 16:20,531,555,564
2021/6/1 16:21,530,554,562
2021/6/1 16:22,529,550,560
2021/6/1 16:23,529,550,557
2021/6/1 16:24,534,547,558
2021/6/1 16:25,533,547,575
2021/6/1 16:26,533,548,570
2021/6/1 16:27,533,549,566
2021/6/1 16:28,533,547,566
2021/6/1 16:29,533,545,563
2021/6/1 16:30,532,547,564
2021/6/1 16:31,530,546,562
2021/6/1 16:32,529,548,558
2021/6/1 16:33,530,547,557
2021/6/1 16:34,532,547,554
2021/6/1 16:35,534,545,554
2021/6/1 16:36,533,549,557
2021/6/1 16:37,533,551,559
2021/6/1 16:38,531,555,558
2021/6/1 16:39,530,552,558
2021/6/1 16:40,528,550,558
2021/6/1 16:41,522,551,558
2021/6/1 16:42,520,547,557
2021/6/1 16:43,520,544,556
2021/6/1 16:44,518,541,554
2021/6/1 16:45,516,541,551
2021/6/1 16:46,513,540,546
2021/6/1 16:47,510,537,546
2021/6/1 16:48,509,536,546
2021/6/1 16:49,508,535,543
2021/6/1 16:50,508,532,542
2021/6/1 16:51,507,529,541
2021/6/1 16:52,504,526,541
2021/6/1 16:53,500,522,538
2021/6/1 16:54,499,518,535
2021/6/1 16:55,498,514,533
2021/6/1 16:56,499,516,530
2021/6/1 16:57,496,514,530
2021/6/1 16:58,494,514,529
2021/6/1 16:59,493,511,528
2021/6/1 17:00,493,512,526
2021/6/1 17:01,493,508,523
2021/6/1 17:02,492,511,524
2021/6/1 17:03,490,512,521
2021/6/1 17:04,489,508,517
2021/6/1 17:05,486,508,515
2021/6/1 17:06,484,506,514
2021/6/1 17:07,483,503,512
2021/6/1 17:08,482,501,512
2021/6/1 17:09,482,501,511
2021/6/1 17:10,481,500,511
2021/6/1 17:11,478,499,510
2021/6/1 17:12,478,501,509
2021/6/1 17:13,476,501,507
2021/6/1 17:14,473,502,506
2021/6/1 17:15,472,501,507
2021/6/1 17:16,470,498,508
2021/6/1 17:17,470,494,505
2021/6/1 17:18,470,488,502
2021/6/1 17:19,469,487,499
2021/6/1 17:20,468,486,499
2021/6/1 17:21,468,485,498
2021/6/1 17:22,467,484,499
2021/6/1 17:23,466,482,499
2021/6/1 17:24,465,481,502
2021/6/1 17:25,465,478,497
2021/6/1 17:26,463,479,497
2021/6/1 17:27,461,477,497
2021/6/1 17:28,462,475,496
2021/6/1 17:29,461,474,493
2021/6/1 17:30,460,473,493
2021/6/1 17:31,459,472,491
2021/6/1 17:32,460,470,489
2021/6/1 17:33,459,472,491
2021/6/1 17:34,457,469,491
2021/6/1 17:35,457,467,490
2021/6/1 17:36,457,468,489
2021/6/1 17:37,457,467,486
2021/6/1 17:38,456,466,485
2021/6/1 17:39,454,466,484
2021/6/1 17:40,453,468,483
2021/6/1 17:41,452,464,482
2021/6/1 17:42,452,462,481
2021/6/1 17:43,451,461,479
2021/6/1 17:44,449,460,479
2021/6/1 17:45,448,463,476
2021/6/1 17:46,447,463,476
2021/6/1 17:47,445,463,474
2021/6/1 17:48,445,460,472
2021/6/1 17:49,445,460,471
2021/6/1 17:50,444,456,473
2021/6/1 17:51,444,455,474
2021/6/1 17:52,443,452,473
2021/6/1 17:53,442,449,473
2021/6/1 17:54,440,450,471
2021/6/1 17:55,439,451,471
2021/6/1 17:56,439,449,466
2021/6/1 17:57,437,449,468
2021/6/1 17:58,435,448,467
2021/6/1 17:59,435,450,467
2021/6/1 18:00,433,450,465
2021/6/1 18:01,433,450,461
2021/6/1 18:02,433,447,463
2021/6/1 18:03,433,445,464
2021/6/1 18:04,431,445,461
2021/6/1 18:05,430,446,461
2021/6/1 18:06,429,445,461
2021/6/1 18:07,430,445,458
2021/6/1 18:08,428,443,458
2021/6/1 18:09,428,443,457
2021/6/1 18:10,425,443,456
2021/6/1 18:11,426,444,456
2021/6/1 18:12,425,444,456
2021/6/1 18:13,424,445,453
2021/6/1 18:14,424,443,455
2021/6/1 18:15,424,443,455
2021/6/1 18:16,425,442,454
2021/6/1 18:17,424,436,452
2021/6/1 18:18,424,437,454
2021/6/1 18:19,423,435,451
2021/6/1 18:20,423,436,453
2021/6/1 18:21,422,436,451
2021/6/1 18:22,421,436,450
2021/6/1 18:23,421,436,449
2021/6/1 18:24,421,436,449
2021/6/1 18:25,419,438,450
2021/6/1 18:26,420,442,449
2021/6/1 18:27,419,441,447
2021/6/1 18:28,419,443,448
2021/6/1 18:29,419,442,446
2021/6/1 18:30,420,439,450
2021/6/1 18:31,419,437,448
2021/6/1 18:32,419,436,448
2021/6/1 18:33,419,436,450
2021/6/1 18:34,419,436,450
2021/6/1 18:35,419,435,450
2021/6/1 18:36,417,435,450
2021/6/1 18:37,417,436,449
2021/6/1 18:38,416,436,449
2021/6/1 18:39,415,437,449
2021/6/1 18:40,417,436,448
2021/6/1 18:41,417,433,446
2021/6/1 18:42,417,433,448
2021/6/1 18:43,416,431,447
2021/6/1 18:44,417,431,448
2021/6/1 18:45,417,432,450
2021/6/1 18:46,417,435,450
2021/6/1 18:47,417,435,449
2021/6/1 18:48,417,436,448
2021/6/1 18:49,417,436,445
2021/6/1 18:50,417,438,447
2021/6/1 18:51,417,435,446
2021/6/1 18:52,417,434,449
2021/6/1 18:53,417,435,448
2021/6/1 18:54,417,438,449
2021/6/1 18:55,417,438,449
2021/6/1 18:56,417,439,450
2021/6/1 18:57,418,436,449
2021/6/1 18:58,417,436,450
2021/6/1 18:59,417,438,448
2021/6/1 19:00,417,437,449
2021/6/1 19:01,417,435,450
2021/6/1 19:02,417,434,449
2021/6/1 19:03,418,433,449
2021/6/1 19:04,417,433,449
2021/6/1 19:05,417,431,447
2021/6/1 19:06,417,431,448
2021/6/1 19:07,417,432,447
2021/6/1 19:08,417,430,448
2021/6/1 19:09,417,430,448
2021/6/1 19:10,417,425,450
2021/6/1 19:11,417,423,451
2021/6/1 19:12,417,425,452
2021/6/1 19:13,416,426,451
2021/6/1 19:14,417,428,450
2021/6/1 19:15,417,428,447
2021/6/1 19:16,417,429,449
2021/6/1 19:17,417,432,448
2021/6/1 19:18,417,432,450
2021/6/1 19:19,417,430,450
2021/6/1 19:20,417,433,448
2021/6/1 19:21,417,433,449
2021/6/1 19:22,416,430,451
2021/6/1 19:23,416,428,451
2021/6/1 19:24,416,426,449
2021/6/1 19:25,416,427,449
2021/6/1 19:26,416,426,450
2021/6/1 19:27,416,428,449
2021/6/1 19:28,417,428,449
2021/6/1 19:29,416,428,451
2021/6/1 19:30,415,427,452
2021/6/1 19:31,416,428,453
2021/6/1 19:32,415,427,451
2021/6/1 19:33,415,426,450
2021/6/1 19:34,415,426,449
2021/6/1 19:35,415,425,447
2021/6/1 19:36,415,426,448
2021/6/1 19:37,415,429,449
2021/6/1 19:38,415,430,448
2021/6/1 19:39,415,428,449
2021/6/1 19:40,415,428,449
2021/6/1 19:41,415,425,450
2021/6/1 19:42,415,425,450
2021/6/1 19:43,415,425,449
2021/6/1 19:44,415,426,452
2021/6/1 19:45,415,424,453
2021/6/1 19:46,415,424,453
2021/6/1 19:47,415,424,453
2021/6/1 19:48,415,426,449
2021/6/1 19:49,415,425,451
2021/6/1 19:50,415,427,453
2021/6/1 19:51,415,429,452
2021/6/1 19:52,415,428,449
2021/6/1 19:53,415,429,448
2021/6/1 19:54,415,427,449
2021/6/1 19:55,415,424,452
2021/6/1 19:56,414,424,453
2021/6/1 19:57,414,425,453
2021/6/1 19:58,414,424,450
2021/6/1 19:59,415,425,450
2021/6/1 20:00,415,428,448
2021/6/1 20:01,415,429,449
2021/6/1 20:02,415,430,451
2021/6/1 20:03,415,430,453
2021/6/1 20:04,415,428,453
2021/6/1 20:05,415,425,454
2021/6/1 20:06,416,424,454
2021/6/1 20:07,416,424,453
2021/6/1 20:08,416,426,451
2021/6/1 20:09,416,427,452
2021/6/1 20:10,416,426,450
2021/6/1 20:11,416,428,450
2021/6/1 20:12,416,427,449
2021/6/1 20:13,416,424,450
2021/6/1 20:14,416,420,451
2021/6/1 20:15,417,423,452
2021/6/1 20:16,417,426,453
2021/6/1 20:17,416,427,453
2021/6/1 20:18,416,428,451
2021/6/1 20:19,416,431,451
2021/6/1 20:20,416,431,450
2021/6/1 20:21,416,429,451
2021/6/1 20:22,416,429,451
2021/6/1 20:23,416,433,450
2021/6/1 20:24,416,432,450
2021/6/1 20:25,416,431,449
2021/6/1 20:26,417,432,452
2021/6/1 20:27,417,434,453
2021/6/1 20:28,417,436,452
2021/6/1 20:29,416,436,451
2021/6/1 20:30,416,436,452
2021/6/1 20:31,416,437,450
2021/6/1 20:32,416,435,450
2021/6/1 20:33,416,437,449
2021/6/1 20:34,416,437,451
2021/6/1 20:35,417,438,449
2021/6/1 20:36,416,433,450
2021/6/1 20:37,416,432,451
2021/6/1 20:38,416,430,451
2021/6/1 20:39,416,429,447
2021/6/1 20:40,416,430,447
2021/6/1 20:41,415,433,450
2021/6/1 20:42,415,431,450
2021/6/1 20:43,415,431,449
2021/6/1 20:44,415,432,449
2021/6/1 20:45,415,432,450
2021/6/1 20:46,415,431,450
2021/6/1 20:47,415,430,450
2021/6/1 20:48,415,429,451
2021/6/1 20:49,415,429,449
2021/6/1 20:50,416,431,448
2021/6/1 20:51,415,431,449
2021/6/1 20:52,416,430,449
2021/6/1 20:53,415,430,450
2021/6/1 20:54,416,433,450
2021/6/1 20:55,417,432,449
2021/6/1 20:56,416,429,450
2021/6/1 20:57,416,429,450
2021/6/1 20:58,415,429,450
2021/6/1 20:59,415,429,450
2021/6/1 21:00,415,433,451
2021/6/1 21:01,415,433,450
2021/6/1 21:02,415,429,449
2021/6/1 21:03,415,432,448
2021/6/1 21:04,415,432,449
2021/6/1 21:05,415,432,452
2021/6/1 21:06,415,432,451
2021/6/1 21:07,415,433,448
2021/6/1 21:08,415,432,447
2021/6/1 21:09,415,434,448
2021/6/1 21:10,415,433,450
2021/6/1 21:11,415,433,449
2021/6/1 21:12,415,432,448
2021/6/1 21:13,415,430,447
2021/6/1 21:14,415,429,448
2021/6/1 21:15,415,431,448
2021/6/1 21:16,415,429,448
2021/6/1 21:17,415,429,449
2021/6/1 21:18,414,430,450
2021/6/1 21:19,414,433,450
2021/6/1 21:20,414,432,452
2021/6/1 21:21,414,429,450
2021/6/1 21:22,414,430,452
2021/6/1 21:23,414,426,452
2021/6/1 21:24,415,426,450
2021/6/1 21:25,415,428,448
2021/6/1 21:26,415,428,447
2021/6/1 21:27,414,429,447
2021/6/1 21:28,414,426,449
2021/6/1 21:29,415,428,449
2021/6/1 21:30,415,430,451
2021/6/1 21:31,415,429,450
2021/6/1 21:32,415,432,451
2021/6/1 21:33,415,430,453
2021/6/1 21:34,415,429,452
2021/6/1 21:35,415,430,450
2021/6/1 21:36,415,431,447
2021/6/1 21:37,415,427,449
2021/6/1 21:38,415,427,450
2021/6/1 21:39,414,425,450
2021/6/1 21:40,414,428,450
2021/6/1 21:41,414,427,450
2021/6/1 21:42,414,430,450
2021/6/1 21:43,414,429,450
2021/6/1 21:44,414,429,451
2021/6/1 21:45,415,430,453
2021/6/1 21:46,415,431,452
2021/6/1 21:47,415,429,451
2021/6/1 21:48,414,431,450
2021/6/1 21:49,415,429,451
2021/6/1 21:50,415,430,451
2021/6/1 21:51,414,427,451
2021/6/1 21:52,415,428,450
2021/6/1 21:53,415,428,447
2021/6/1 21:54,415,424,447
2021/6/1 21:55,416,427,449
2021/6/1 21:56,415,428,450
2021/6/1 21:57,415,428,449
2021/6/1 21:58,415,429,448
2021/6/1 21:59,415,429,450
2021/6/1 22:00,415,432,449
2021/6/1 22:01,415,432,451
2021/6/1 22:02,415,434,454
2021/6/1 22:03,414,435,450
2021/6/1 22:04,415,435,449
2021/6/1 22:05,415,432,449
2021/6/1 22:06,415,431,448
2021/6/1 22:07,415,429,447
2021/6/1 22:08,415,429,447
2021/6/1 22:09,415,429,446
2021/6/1 22:10,415,429,446
2021/6/1 22:11,415,429,449
2021/6/1 22:12,415,429,450
2021/6/1 22:13,415,429,449
2021/6/1 22:14,415,428,452
2021/6/1 22:15,415,430,449
2021/6/1 22:16,415,431,447
2021/6/1 22:17,415,432,447
2021/6/1 22:18,415,435,448
2021/6/1 22:19,416,435,449
2021/6/1 22:20,416,435,448
2021/6/1 22:21,415,436,448
2021/6/1 22:22,415,433,448
2021/6/1 22:23,415,433,450
2021/6/1 22:24,415,433,450
2021/6/1 22:25,415,436,449
2021/6/1 22:26,416,435,450
2021/6/1 22:27,416,436,450
2021/6/1 22:28,416,437,451
2021/6/1 22:29,417,439,450
2021/6/1 22:30,416,439,450
2021/6/1 22:31,416,437,449
2021/6/1 22:32,416,438,448
2021/6/1 22:33,416,439,448
2021/6/1 22:34,416,440,450
2021/6/1 22:35,416,442,451
2021/6/1 22:36,416,441,452
2021/6/1 22:37,416,441,453
2021/6/1 22:38,416,443,456
2021/6/1 22:39,416,442,454
2021/6/1 22:40,416,444,454
2021/6/1 22:41,416,445,454
2021/6/1 22:42,416,445,453
2021/6/1 22:43,416,444,453
2021/6/1 22:44,416,445,454
2021/6/1 22:45,416,446,453
2021/6/1 22:46,417,446,453
2021/6/1 22:47,417,443,454
2021/6/1 22:48,417,441,451
2021/6/1 22:49,416,440,451
2021/6/1 22:50,416,445,453
2021/6/1 22:51,416,446,451
2021/6/1 22:52,417,447,456
2021/6/1 22:53,417,448,452
2021/6/1 22:54,417,446,451
2021/6/1 22:55,417,445,451
2021/6/1 22:56,417,445,453
2021/6/1 22:57,417,444,453
2021/6/1 22:58,416,446,454
2021/6/1 22:59,416,447,453
2021/6/1 23:00,417,449,454
2021/6/1 23:01,417,446,455
2021/6/1 23:02,417,447,456
2021/6/1 23:03,417,444,455
2021/6/1 23:04,417,439,455
2021/6/1 23:05,417,440,456
2021/6/1 23:06,417,438,452
2021/6/1 23:07,417,437,453
2021/6/1 23:08,418,435,452
2021/6/1 23:09,418,436,450
2021/6/1 23:10,418,438,449
2021/6/1 23:11,418,439,451
2021/6/1 23:12,418,440,451
2021/6/1 23:13,418,440,448
2021/6/1 23:14,418,441,448
2021/6/1 23:15,418,437,451
2021/6/1 23:16,418,437,453
2021/6/1 23:17,418,439,453
2021/6/1 23:18,418,440,453
2021/6/1 23:19,418,440,454
2021/6/1 23:20,418,438,453
2021/6/1 23:21,418,436,452
2021/6/1 23:22,418,437,453
2021/6/1 23:23,419,439,453
2021/6/1 23:24,417,440,454
2021/6/1 23:25,418,439,455
2021/6/1 23:26,418,440,456
2021/6/1 23:27,418,436,455
2021/6/1 23:28,419,435,454
2021/6/1 23:29,419,436,456
2021/6/1 23:30,419,436,456
2021/6/1 23:31,420,435,456
2021/6/1 23:32,420,434,455
2021/6/1 23:33,420,437,452
2021/6/1 23:34,420,439,452
2021/6/1 23:35,420,443,454
2021/6/1 23:36,420,440,456
2021/6/1 23:37,420,439,456
2021/6/1 23:38,420,440,456
2021/6/1 23:39,420,439,452
2021/6/1 23:40,420,439,453
2021/6/1 23:41,420,441,453
2021/6/1 23:42,421,441,453
2021/6/1 23:43,421,443,451
2021/6/1 23:44,420,445,452
2021/6/1 23:45,420,445,453
2021/6/1 23:46,421,446,450
2021/6/1 23:47,421,443,453
2021/6/1 23:48,421,441,453
2021/6/1 23:49,422,441,452
2021/6/1 23:50,422,443,449
2021/6/1 23:51,423,443,450
2021/6/1 23:52,422,445,454
2021/6/1 23:53,422,443,454
2021/6/1 23:54,422,442,454
2021/6/1 23:55,422,441,455
2021/6/1 23:56,422,442,455
2021/6/1 23:57,423,442,458
2021/6/1 23:58,423,442,458
2021/6/1 23:59,423,446,457
2021/6/2 0:00,423,446,460
2021/6/2 0:01,423,444,459
2021/6/2 0:02,424,443,460
2021/6/2 0:03,424,443,458
2021/6/2 0:04,424,443,457
2021/6/2 0:05,424,440,457
2021/6/2 0:06,424,439,459
2021/6/2 0:07,425,440,458
2021/6/2 0:08,425,443,457
2021/6/2 0:09,425,440,455
2021/6/2 0:10,425,438,456
2021/6/2 0:11,425,440,457
2021/6/2 0:12,425,441,458
2021/6/2 0:13,425,440,459
2021/6/2 0:14,425,441,462
2021/6/2 0:15,425,441,462
2021/6/2 0:16,425,441,461
2021/6/2 0:17,425,439,459
2021/6/2 0:18,425,440,460
2021/6/2 0:19,425,441,460
2021/6/2 0:20,425,443,460
2021/6/2 0:21,426,442,460
2021/6/2 0:22,426,441,457
2021/6/2 0:23,426,442,456
2021/6/2 0:24,425,441,459
2021/6/2 0:25,426,437,458
2021/6/2 0:26,427,437,459
2021/6/2 0:27,426,437,458
2021/6/2 0:28,426,440,462
2021/6/2 0:29,426,438,461
2021/6/2 0:30,426,439,462
2021/6/2 0:31,427,440,461
2021/6/2 0:32,427,441,457
2021/6/2 0:33,426,442,456
2021/6/2 0:34,425,443,458
2021/6/2 0:35,425,441,460
2021/6/2 0:36,426,439,462
2021/6/2 0:37,426,435,461
2021/6/2 0:38,426,439,459
2021/6/2 0:39,426,442,461
2021/6/2 0:40,425,443,462
2021/6/2 0:41,426,444,460
2021/6/2 0:42,426,445,459
2021/6/2 0:43,426,447,456
2021/6/2 0:44,426,448,456
2021/6/2 0:45,426,449,456
2021/6/2 0:46,426,449,456
2021/6/2 0:47,427,447,457
2021/6/2 0:48,427,449,457
2021/6/2 0:49,426,449,460
2021/6/2 0:50,426,447,459
2021/6/2 0:51,426,446,459
2021/6/2 0:52,426,445,457
2021/6/2 0:53,426,447,456
2021/6/2 0:54,427,446,458
2021/6/2 0:55,426,443,458
2021/6/2 0:56,426,443,457
2021/6/2 0:57,426,442,457
2021/6/2 0:58,426,440,456
2021/6/2 0:59,426,442,457
2021/6/2 1:00,426,444,458
2021/6/2 1:01,425,442,457
2021/6/2 1:02,426,442,460
2021/6/2 1:03,425,442,457
2021/6/2 1:04,426,440,455
2021/6/2 1:05,426,442,455
2021/6/2 1:06,426,442,456
2021/6/2 1:07,426,442,456
2021/6/2 1:08,427,442,458
2021/6/2 1:09,427,442,456
2021/6/2 1:10,427,441,457
2021/6/2 1:11,427,441,456
2021/6/2 1:12,427,440,457
2021/6/2 1:13,428,440,457
2021/6/2 1:14,428,440,457
2021/6/2 1:15,428,440,456
2021/6/2 1:16,428,442,457
2021/6/2 1:17,428,444,458
2021/6/2 1:18,427,444,458
2021/6/2 1:19,427,445,458
2021/6/2 1:20,427,446,457
2021/6/2 1:21,427,449,461
2021/6/2 1:22,428,450,459
2021/6/2 1:23,428,449,458
2021/6/2 1:24,428,447,460
2021/6/2 1:25,428,448,460
2021/6/2 1:26,428,447,460
2021/6/2 1:27,428,447,462
2021/6/2 1:28,428,447,462
2021/6/2 1:29,427,443,462
2021/6/2 1:30,427,443,459
2021/6/2 1:31,427,441,460
2021/6/2 1:32,427,442,460
2021/6/2 1:33,426,444,459
2021/6/2 1:34,426,444,460
2021/6/2 1:35,426,444,459
2021/6/2 1:36,427,439,458
2021/6/2 1:37,427,439,460
2021/6/2 1:38,427,440,459
2021/6/2 1:39,428,443,459
2021/6/2 1:40,427,442,459
2021/6/2 1:41,427,442,458
2021/6/2 1:42,428,442,459
2021/6/2 1:43,428,442,461
2021/6/2 1:44,428,442,459
2021/6/2 1:45,428,443,459
2021/6/2 1:46,427,441,461
2021/6/2 1:47,427,438,459
2021/6/2 1:48,427,440,458
2021/6/2 1:49,427,443,460
2021/6/2 1:50,427,444,459
2021/6/2 1:51,427,443,459
2021/6/2 1:52,426,441,458
2021/6/2 1:53,426,440,458
2021/6/2 1:54,426,441,459
2021/6/2 1:55,426,441,458
2021/6/2 1:56,427,440,457
2021/6/2 1:57,427,440,458
2021/6/2 1:58,426,439,456
2021/6/2 1:59,426,439,457
2021/6/2 2:00,425,438,459
2021/6/2 2:01,425,439,459
2021/6/2 2:02,426,441,457
2021/6/2 2:03,426,442,458
2021/6/2 2:04,425,441,455
2021/6/2 2:05,425,442,457
2021/6/2 2:06,425,442,457
2021/6/2 2:07,425,439,456
2021/6/2 2:08,424,435,456
2021/6/2 2:09,425,436,457
2021/6/2 2:10,425,438,453
2021/6/2 2:11,425,440,455
2021/6/2 2:12,425,438,452
2021/6/2 2:13,425,438,453
2021/6/2 2:14,425,438,451
2021/6/2 2:15,424,440,453
2021/6/2 2:16,424,441,457
2021/6/2 2:17,424,442,455
2021/6/2 2:18,424,441,454
2021/6/2 2:19,425,443,454
2021/6/2 2:20,424,442,454
2021/6/2 2:21,424,441,454
2021/6/2 2:22,424,442,454
2021/6/2 2:23,424,443,455
2021/6/2 2:24,424,442,456
2021/6/2 2:25,424,440,455
2021/6/2 2:26,424,442,454
2021/6/2 2:27,424,443,454
2021/6/2 2:28,424,440,455
2021/6/2 2:29,424,439,452
2021/6/2 2:30,424,437,449
2021/6/2 2:31,423,438,450
2021/6/2 2:32,424,439,451
2021/6/2 2:33,424,442,454
2021/6/2 2:34,424,440,452
2021/6/2 2:35,424,441,452
2021/6/2 2:36,424,441,452
2021/6/2 2:37,424,442,452
2021/6/2 2:38,424,439,451
2021/6/2 2:39,424,439,451
2021/6/2 2:40,424,438,451
2021/6/2 2:41,424,441,450
2021/6/2 2:42,424,441,452
2021/6/2 2:43,424,443,452
2021/6/2 2:44,423,446,454
2021/6/2 2:45,424,445,455
2021/6/2 2:46,423,443,452
2021/6/2 2:47,424,443,450
2021/6/2 2:48,424,445,449
2021/6/2 2:49,424,448,454
2021/6/2 2:50,423,448,452
2021/6/2 2:51,423,449,451
2021/6/2 2:52,422,449,450
2021/6/2 2:53,423,446,450
2021/6/2 2:54,423,444,450
2021/6/2 2:55,423,445,447
2021/6/2 2:56,423,443,448
2021/6/2 2:57,423,444,449
2021/6/2 2:58,423,442,449
2021/6/2 2:59,423,440,448
2021/6/2 3:00,423,442,450
2021/6/2 3:01,423,444,450
2021/6/2 3:02,423,443,449
2021/6/2 3:03,423,445,449
2021/6/2 3:04,422,446,450
2021/6/2 3:05,422,446,450
2021/6/2 3:06,422,446,449
2021/6/2 3:07,422,446,450
2021/6/2 3:08,423,448,451
2021/6/2 3:09,423,447,452
2021/6/2 3:10,423,446,450
2021/6/2 3:11,422,446,448
2021/6/2 3:12,422,446,450
2021/6/2 3:13,422,446,451
2021/6/2 3:14,423,446,451
2021/6/2 3:15,422,447,451
2021/6/2 3:16,423,446,449
2021/6/2 3:17,422,447,449
2021/6/2 3:18,422,445,448
2021/6/2 3:19,422,443,448
2021/6/2 3:20,422,442,448
2021/6/2 3:21,422,440,449
2021/6/2 3:22,422,437,449
2021/6/2 3:23,422,441,448
2021/6/2 3:24,422,445,449
2021/6/2 3:25,422,446,447
2021/6/2 3:26,422,446,449
2021/6/2 3:27,422,442,451
2021/6/2 3:28,422,443,450
2021/6/2 3:29,421,442,449
2021/6/2 3:30,421,441,448
2021/6/2 3:31,421,442,449
2021/6/2 3:32,421,440,448
2021/6/2 3:33,421,440,449
2021/6/2 3:34,421,442,450
2021/6/2 3:35,421,441,450
2021/6/2 3:36,422,444,449
2021/6/2 3:37,422,446,450
2021/6/2 3:38,421,447,450
2021/6/2 3:39,422,447,448
2021/6/2 3:40,421,445,447
2021/6/2 3:41,421,445,449
2021/6/2 3:42,421,443,448
2021/6/2 3:43,421,443,447
2021/6/2 3:44,422,444,447
2021/6/2 3:45,422,443,448
2021/6/2 3:46,422,444,448
2021/6/2 3:47,422,445,446
2021/6/2 3:48,422,444,446
2021/6/2 3:49,421,442,448
2021/6/2 3:50,422,443,450
2021/6/2 3:51,421,442,451
2021/6/2 3:52,421,443,450
2021/6/2 3:53,421,444,449
2021/6/2 3:54,421,442,451
2021/6/2 3:55,421,443,451
2021/6/2 3:56,422,443,454
2021/6/2 3:57,422,443,453
2021/6/2 3:58,422,442,452
2021/6/2 3:59,422,443,448
2021/6/2 4:00,422,445,449
2021/6/2 4:01,422,445,448
2021/6/2 4:02,422,444,449
2021/6/2 4:03,422,443,449
2021/6/2 4:04,422,443,449
2021/6/2 4:05,422,441,451
2021/6/2 4:06,422,440,453
2021/6/2 4:07,422,437,451
2021/6/2 4:08,422,437,451
2021/6/2 4:09,423,436,452
2021/6/2 4:10,422,437,452
2021/6/2 4:11,422,438,455
2021/6/2 4:12,422,441,455
2021/6/2 4:13,422,438,454
2021/6/2 4:14,422,440,455
2021/6/2 4:15,422,443,458
2021/6/2 4:16,422,445,454
2021/6/2 4:17,422,442,451
2021/6/2 4:18,422,444,450
2021/6/2 4:19,422,444,450
2021/6/2 4:20,422,444,449
2021/6/2 4:21,422,445,451
2021/6/2 4:22,422,446,451
2021/6/2 4:23,422,447,448
2021/6/2 4:24,422,444,450
2021/6/2 4:25,423,443,450
2021/6/2 4:26,422,442,449
2021/6/2 4:27,423,440,451
2021/6/2 4:28,423,441,453
2021/6/2 4:29,422,439,451
2021/6/2 4:30,423,439,453
2021/6/2 4:31,424,438,454
2021/6/2 4:32,423,441,455
2021/6/2 4:33,423,443,454
2021/6/2 4:34,423,446,453
2021/6/2 4:35,424,447,451
2021/6/2 4:36,423,445,449
2021/6/2 4:37,424,444,448
2021/6/2 4:38,423,441,449
2021/6/2 4:39,423,440,451
2021/6/2 4:40,423,442,450
2021/6/2 4:41,423,442,450
2021/6/2 4:42,423,440,450
2021/6/2 4:43,423,438,449
2021/6/2 4:44,423,438,451
2021/6/2 4:45,424,438,452
2021/6/2 4:46,425,437,452
2021/6/2 4:47,425,436,455
2021/6/2 4:48,425,434,453
2021/6/2 4:49,425,437,452
2021/6/2 4:50,424,438,452
2021/6/2 4:51,425,439,451
2021/6/2 4:52,424,437,452
2021/6/2 4:53,424,436,453
2021/6/2 4:54,424,439,452
2021/6/2 4:55,424,441,452
2021/6/2 4:56,424,444,450
2021/6/2 4:57,424,446,452
2021/6/2 4:58,423,443,452
2021/6/2 4:59,424,445,453
2021/6/2 5:00,424,446,452
2021/6/2 5:01,424,446,452
2021/6/2 5:02,424,445,451
2021/6/2 5:03,424,444,451
2021/6/2 5:04,424,443,450
2021/6/2 5:05,423,445,450
2021/6/2 5:06,424,446,450
2021/6/2 5:07,424,447,452
2021/6/2 5:08,424,448,454
2021/6/2 5:09,424,449,451
2021/6/2 5:10,424,448,451
2021/6/2 5:11,424,451,453
2021/6/2 5:12,424,449,452
2021/6/2 5:13,424,451,452
2021/6/2 5:14,424,454,453
2021/6/2 5:15,425,453,453
2021/6/2 5:16,425,450,452
2021/6/2 5:17,424,450,456
2021/6/2 5:18,424,450,453
2021/6/2 5:19,424,450,452
2021/6/2 5:20,424,450,453
2021/6/2 5:21,424,446,453
2021/6/2 5:22,424,444,452
2021/6/2 5:23,424,443,452
2021/6/2 5:24,423,447,453
2021/6/2 5:25,423,447,450
2021/6/2 5:26,423,449,451
2021/6/2 5:27,423,449,451
2021/6/2 5:28,423,450,453
2021/6/2 5:29,424,451,452
2021/6/2 5:30,423,452,452
2021/6/2 5:31,424,451,452
2021/6/2 5:32,424,450,452
2021/6/2 5:33,424,448,453
2021/6/2 5:34,423,448,452
2021/6/2 5:35,423,452,452
2021/6/2 5:36,423,454,451
2021/6/2 5:37,424,452,448
2021/6/2 5:38,423,451,450
2021/6/2 5:39,423,451,450
2021/6/2 5:40,423,452,451
2021/6/2 5:41,423,450,450
2021/6/2 5:42,423,448,448
2021/6/2 5:43,422,450,448
2021/6/2 5:44,422,448,448
2021/6/2 5:45,423,446,450
2021/6/2 5:46,423,443,449
2021/6/2 5:47,423,439,451
2021/6/2 5:48,423,442,449
2021/6/2 5:49,423,444,450
2021/6/2 5:50,423,444,448
2021/6/2 5:51,423,446,448
2021/6/2 5:52,423,446,448
2021/6/2 5:53,423,444,448
2021/6/2 5:54,423,442,449
2021/6/2 5:55,423,444,450
2021/6/2 5:56,422,447,449
2021/6/2 5:57,423,448,448
2021/6/2 5:58,422,447,449
2021/6/2 5:59,423,448,450
2021/6/2 6:00,423,446,452
2021/6/2 6:01,423,446,450
2021/6/2 6:02,423,446,451
2021/6/2 6:03,422,445,451
2021/6/2 6:04,422,445,450
2021/6/2 6:05,422,445,450
2021/6/2 6:06,421,447,449
2021/6/2 6:07,422,446,451
2021/6/2 6:08,422,446,452
2021/6/2 6:09,422,445,452
2021/6/2 6:10,422,448,451
2021/6/2 6:11,421,448,451
2021/6/2 6:12,422,447,451
2021/6/2 6:13,422,447,452
2021/6/2 6:14,422,446,451
2021/6/2 6:15,421,446,451
2021/6/2 6:16,421,447,449
2021/6/2 6:17,421,449,450
2021/6/2 6:18,422,449,449
2021/6/2 6:19,422,447,450
2021/6/2 6:20,421,447,451
2021/6/2 6:21,422,448,452
2021/6/2 6:22,421,446,450
2021/6/2 6:23,422,448,448
2021/6/2 6:24,422,446,448
2021/6/2 6:25,422,447,447
2021/6/2 6:26,422,447,447
2021/6/2 6:27,422,447,445
2021/6/2 6:28,422,446,447
2021/6/2 6:29,422,446,447
2021/6/2 6:30,422,447,451
2021/6/2 6:31,422,446,450
2021/6/2 6:32,422,446,450
2021/6/2 6:33,422,447,450
2021/6/2 6:34,422,445,449
2021/6/2 6:35,421,444,447
2021/6/2 6:36,422,442,449
2021/6/2 6:37,421,441,447
2021/6/2 6:38,422,442,447
2021/6/2 6:39,422,442,446
2021/6/2 6:40,422,440,446
2021/6/2 6:41,422,442,448
2021/6/2 6:42,422,443,448
2021/6/2 6:43,423,441,449
2021/6/2 6:44,424,440,446
2021/6/2 6:45,424,443,446
2021/6/2 6:46,423,441,447
2021/6/2 6:47,423,442,448
2021/6/2 6:48,423,445,450
2021/6/2 6:49,423,449,450
2021/6/2 6:50,423,449,449
2021/6/2 6:51,423,451,449
2021/6/2 6:52,441,449,448
2021/6/2 6:53,440,449,449
2021/6/2 6:54,442,456,459
2021/6/2 6:55,443,454,464
2021/6/2 6:56,441,459,464
2021/6/2 6:57,440,461,468
2021/6/2 6:58,441,463,467
2021/6/2 6:59,448,462,467
2021/6/2 7:00,450,462,469
2021/6/2 7:01,446,464,471
2021/6/2 7:02,455,465,471
2021/6/2 7:03,461,469,472
2021/6/2 7:04,454,474,475
2021/6/2 7:05,447,473,477
2021/6/2 7:06,443,470,474
2021/6/2 7:07,450,468,472
2021/6/2 7:08,448,468,470
2021/6/2 7:09,449,471,473
2021/6/2 7:10,451,474,475
2021/6/2 7:11,452,476,477
2021/6/2 7:12,456,473,480
2021/6/2 7:13,456,474,479
2021/6/2 7:14,452,474,481
2021/6/2 7:15,450,474,482
2021/6/2 7:16,449,472,479
2021/6/2 7:17,448,473,481
2021/6/2 7:18,445,471,480
2021/6/2 7:19,443,468,476
2021/6/2 7:20,443,464,476
2021/6/2 7:21,445,464,471
2021/6/2 7:22,445,468,469
2021/6/2 7:23,446,468,470
2021/6/2 7:24,447,468,473
2021/6/2 7:25,444,468,471
2021/6/2 7:26,444,467,472
2021/6/2 7:27,440,465,473
2021/6/2 7:28,439,467,471
2021/6/2 7:29,440,464,468
2021/6/2 7:30,441,459,467
2021/6/2 7:31,440,456,466
2021/6/2 7:32,439,454,466
2021/6/2 7:33,440,454,466
2021/6/2 7:34,442,454,464
2021/6/2 7:35,442,457,465
2021/6/2 7:36,441,463,467
2021/6/2 7:37,440,462,466
2021/6/2 7:38,437,459,466
2021/6/2 7:39,434,460,465
2021/6/2 7:40,437,459,464
2021/6/2 7:41,436,459,464
2021/6/2 7:42,436,458,463
2021/6/2 7:43,437,458,464
2021/6/2 7:44,440,458,464
2021/6/2 7:45,445,459,464
2021/6/2 7:46,444,460,463
2021/6/2 7:47,445,461,467
2021/6/2 7:48,443,462,469
2021/6/2 7:49,441,461,472
2021/6/2 7:50,440,464,471
2021/6/2 7:51,443,464,469
2021/6/2 7:52,442,463,467
2021/6/2 7:53,442,464,467
2021/6/2 7:54,442,462,465
2021/6/2 7:55,443,459,466
2021/6/2 7:56,442,460,468
2021/6/2 7:57,443,463,470
2021/6/2 7:58,446,464,467
2021/6/2 7:59,447,465,468
2021/6/2 8:00,444,467,470
2021/6/2 8:01,444,466,468
2021/6/2 8:02,443,464,466
2021/6/2 8:03,441,465,466
2021/6/2 8:04,443,464,468
2021/6/2 8:05,441,458,466
2021/6/2 8:06,444,456,465
2021/6/2 8:07,443,457,465
2021/6/2 8:08,443,461,464
2021/6/2 8:09,448,460,465
2021/6/2 8:10,446,460,464
2021/6/2 8:11,446,463,466
2021/6/2 8:12,448,464,465
2021/6/2 8:13,451,462,468
2021/6/2 8:14,445,465,470
2021/6/2 8:15,442,466,471
2021/6/2 8:16,444,466,470
2021/6/2 8:17,445,467,470
2021/6/2 8:18,445,471,469
2021/6/2 8:19,446,469,469
2021/6/2 8:20,444,469,469
2021/6/2 8:21,445,467,468
2021/6/2 8:22,444,465,469
2021/6/2 8:23,445,465,469
2021/6/2 8:24,445,465,472
2021/6/2 8:25,445,466,471
2021/6/2 8:26,440,466,474
2021/6/2 8:27,440,464,473
2021/6/2 8:28,441,463,469
2021/6/2 8:29,444,461,468
2021/6/2 8:30,442,464,465
2021/6/2 8:31,447,460,466
2021/6/2 8:32,450,457,466
2021/6/2 8:33,452,463,468
2021/6/2 8:34,449,464,470
2021/6/2 8:35,445,468,472
2021/6/2 8:36,443,464,471
2021/6/2 8:37,441,464,471
2021/6/2 8:38,442,461,471
2021/6/2 8:39,444,461,468
2021/6/2 8:40,444,462,469
2021/6/2 8:41,444,463,469
2021/6/2 8:42,443,464,470
2021/6/2 8:43,442,463,470
2021/6/2 8:44,444,462,472
2021/6/2 8:45,444,463,470
2021/6/2 8:46,442,464,468
2021/6/2 8:47,444,465,468
2021/6/2 8:48,444,465,468
2021/6/2 8:49,445,464,465
2021/6/2 8:50,445,462,466
2021/6/2 8:51,444,461,469
2021/6/2 8:52,443,462,468
2021/6/2 8:53,443,462,470
2021/6/2 8:54,444,460,472
2021/6/2 8:55,448,462,471
2021/6/2 8:56,452,464,472
2021/6/2 8:57,452,467,474
2021/6/2 8:58,450,467,475
2021/6/2 8:59,445,464,474
2021/6/2 9:00,440,464,474
2021/6/2 9:01,439,464,474
2021/6/2 9:02,439,463,474
2021/6/2 9:03,442,460,473
2021/6/2 9:04,442,460,472
2021/6/2 9:05,447,460,471
2021/6/2 9:06,446,462,470
2021/6/2 9:07,446,466,470
2021/6/2 9:08,448,468,473
2021/6/2 9:09,449,468,474
2021/6/2 9:10,445,467,477
2021/6/2 9:11,444,466,476
2021/6/2 9:12,444,465,474
2021/6/2 9:13,447,460,471
2021/6/2 9:14,446,458,468
2021/6/2 9:15,448,461,469
2021/6/2 9:16,448,462,472
2021/6/2 9:17,449,464,474
2021/6/2 9:18,446,466,476
2021/6/2 9:19,440,467,474
2021/6/2 9:20,437,464,472
2021/6/2 9:21,438,464,469
2021/6/2 9:22,436,462,467
2021/6/2 9:23,435,460,467
2021/6/2 9:24,434,459,466
2021/6/2 9:25,435,453,464
2021/6/2 9:26,435,456,464
2021/6/2 9:27,434,455,464
2021/6/2 9:28,434,453,464
2021/6/2 9:29,434,452,463
2021/6/2 9:30,434,454,463
2021/6/2 9:31,437,453,462
2021/6/2 9:32,443,454,464
2021/6/2 9:33,445,456,468
2021/6/2 9:34,450,458,471
2021/6/2 9:35,455,462,473
2021/6/2 9:36,458,464,475
2021/6/2 9:37,457,467,481
2021/6/2 9:38,457,472,479
2021/6/2 9:39,458,475,482
2021/6/2 9:40,459,473,486
2021/6/2 9:41,459,472,484
2021/6/2 9:42,461,472,484
2021/6/2 9:43,462,472,486
2021/6/2 9:44,462,471,487
2021/6/2 9:45,462,475,487
2021/6/2 9:46,462,474,491
2021/6/2 9:47,462,476,489
2021/6/2 9:48,463,477,490
2021/6/2 9:49,463,481,491
2021/6/2 9:50,465,484,493
2021/6/2 9:51,466,487,492
2021/6/2 9:52,467,486,493
2021/6/2 9:53,468,488,496
2021/6/2 9:54,468,489,498
2021/6/2 9:55,469,492,498
2021/6/2 9:56,470,496,499
2021/6/2 9:57,470,499,499
2021/6/2 9:58,471,499,496
2021/6/2 9:59,471,498,496
2021/6/2 10:00,474,499,500
2021/6/2 10:01,476,500,501
2021/6/2 10:02,476,499,502
2021/6/2 10:03,475,500,504
2021/6/2 10:04,475,498,505
2021/6/2 10:05,476,498,506
2021/6/2 10:06,477,498,507
2021/6/2 10:07,479,499,506
2021/6/2 10:08,479,496,507
2021/6/2 10:09,478,496,508
2021/6/2 10:10,478,496,509
2021/6/2 10:11,477,493,509
2021/6/2 10:12,475,495,507
2021/6/2 10:13,466,494,503
2021/6/2 10:14,450,496,503
2021/6/2 10:15,443,488,496
2021/6/2 10:16,440,481,482
2021/6/2 10:17,438,470,479
2021/6/2 10:18,437,464,473
2021/6/2 10:19,443,460,468
2021/6/2 10:20,442,462,470
2021/6/2 10:21,438,466,474
2021/6/2 10:22,441,466,471
2021/6/2 10:23,441,465,472
2021/6/2 10:24,439,464,473
2021/6/2 10:25,435,465,471
2021/6/2 10:26,437,461,470
2021/6/2 10:27,433,460,466
2021/6/2 10:28,441,459,463
2021/6/2 10:29,446,460,461
2021/6/2 10:30,450,460,464
2021/6/2 10:31,456,464,467
2021/6/2 10:32,463,470,475
2021/6/2 10:33,468,475,478
2021/6/2 10:34,472,482,481
2021/6/2 10:35,473,486,483
2021/6/2 10:36,475,490,485
2021/6/2 10:37,478,492,488
2021/6/2 10:38,481,494,494
2021/6/2 10:39,483,499,494
2021/6/2 10:40,482,501,496
2021/6/2 10:41,482,501,501
2021/6/2 10:42,482,499,502
2021/6/2 10:43,487,497,502
2021/6/2 10:44,491,496,503
2021/6/2 10:45,495,499,505
2021/6/2 10:46,498,502,509
2021/6/2 10:47,499,508,513
2021/6/2 10:48,499,510,521
2021/6/2 10:49,500,511,522
2021/6/2 10:50,502,514,524
2021/6/2 10:51,502,515,527
2021/6/2 10:52,502,516,529
2021/6/2 10:53,502,517,529
2021/6/2 10:54,502,517,529
2021/6/2 10:55,503,516,528
2021/6/2 10:56,504,516,527
2021/6/2 10:57,504,517,526
2021/6/2 10:58,505,517,528
2021/6/2 10:59,505,515,527
2021/6/2 11:00,505,516,530
2021/6/2 11:01,506,517,529
2021/6/2 11:02,507,515,527
2021/6/2 11:03,508,515,530
2021/6/2 11:04,509,517,530
2021/6/2 11:05,511,515,533
2021/6/2 11:06,511,516,533
2021/6/2 11:07,513,516,534
2021/6/2 11:08,515,516,534
2021/6/2 11:09,515,519,537
2021/6/2 11:10,514,522,539
2021/6/2 11:11,518,523,537
2021/6/2 11:12,522,525,539
2021/6/2 11:13,523,528,540
2021/6/2 11:14,523,530,542
2021/6/2 11:15,523,533,547
2021/6/2 11:16,522,537,549
2021/6/2 11:17,522,536,548
2021/6/2 11:18,520,534,549
2021/6/2 11:19,520,532,548
2021/6/2 11:20,518,533,547
2021/6/2 11:21,518,533,547
2021/6/2 11:22,517,530,547
2021/6/2 11:23,517,530,547
2021/6/2 11:24,517,532,544
2021/6/2 11:25,517,529,546
2021/6/2 11:26,516,527,544
2021/6/2 11:27,516,528,541
2021/6/2 11:28,516,526,540
2021/6/2 11:29,516,523,539
2021/6/2 11:30,515,525,538
2021/6/2 11:31,514,522,536
2021/6/2 11:32,514,522,539
2021/6/2 11:33,515,521,537
2021/6/2 11:34,515,521,539
2021/6/2 11:35,514,519,542
2021/6/2 11:36,514,521,541
2021/6/2 11:37,514,522,539
2021/6/2 11:38,514,521,540
2021/6/2 11:39,516,525,540
2021/6/2 11:40,516,526,540
2021/6/2 11:41,516,527,541
2021/6/2 11:42,515,527,540
2021/6/2 11:43,513,527,541
2021/6/2 11:44,510,525,539
2021/6/2 11:45,509,521,537
2021/6/2 11:46,513,519,534
2021/6/2 11:47,517,521,532
2021/6/2 11:48,518,522,534
2021/6/2 11:49,520,524,543
2021/6/2 11:50,521,523,543
2021/6/2 11:51,522,524,542
2021/6/2 11:52,523,529,541
2021/6/2 11:53,523,533,546
2021/6/2 11:54,524,531,546
2021/6/2 11:55,524,531,549
2021/6/2 11:56,523,534,551
2021/6/2 11:57,523,534,551
2021/6/2 11:58,522,537,552
2021/6/2 11:59,522,536,548
2021/6/2 12:00,521,536,547
2021/6/2 12:01,521,534,547
2021/6/2 12:02,520,532,545
2021/6/2 12:03,521,533,543
2021/6/2 12:04,522,533,544
2021/6/2 12:05,523,531,545
2021/6/2 12:06,523,533,547
2021/6/2 12:07,524,533,547
2021/6/2 12:08,524,536,548
2021/6/2 12:09,525,539,550
2021/6/2 12:10,525,536,552
2021/6/2 12:11,524,534,552
2021/6/2 12:12,524,534,553
2021/6/2 12:13,524,535,551
2021/6/2 12:14,524,535,552
2021/6/2 12:15,524,533,551
2021/6/2 12:16,524,531,550
2021/6/2 12:17,524,534,552
2021/6/2 12:18,524,534,551
2021/6/2 12:19,524,535,550
2021/6/2 12:20,524,533,551
2021/6/2 12:21,525,534,548
2021/6/2 12:22,526,534,549
2021/6/2 12:23,525,537,549
2021/6/2 12:24,525,537,550
2021/6/2 12:25,524,537,552
2021/6/2 12:26,523,537,553
2021/6/2 12:27,522,536,552
2021/6/2 12:28,521,536,551
2021/6/2 12:29,521,541,552
2021/6/2 12:30,518,539,547
2021/6/2 12:31,516,537,546
2021/6/2 12:32,520,533,544
2021/6/2 12:33,524,534,542
2021/6/2 12:34,529,537,543
2021/6/2 12:35,532,541,546
2021/6/2 12:36,536,545,552
2021/6/2 12:37,536,546,557
2021/6/2 12:38,537,549,561
2021/6/2 12:39,537,550,561
2021/6/2 12:40,539,553,562
2021/6/2 12:41,539,552,564
2021/6/2 12:42,539,554,563
2021/6/2 12:43,539,553,563
2021/6/2 12:44,540,555,565
2021/6/2 12:45,540,555,564
2021/6/2 12:46,541,556,564
2021/6/2 12:47,542,558,563
2021/6/2 12:48,542,558,565
2021/6/2 12:49,543,557,567
2021/6/2 12:50,542,558,570
2021/6/2 12:51,542,554,572
2021/6/2 12:52,542,553,574
2021/6/2 12:53,541,556,573
2021/6/2 12:54,541,557,570
2021/6/2 12:55,540,557,569
2021/6/2 12:56,539,553,565
2021/6/2 12:57,538,552,564
2021/6/2 12:58,540,552,563
2021/6/2 12:59,539,552,564
2021/6/2 13:00,540,553,565
2021/6/2 13:01,542,551,565
2021/6/2 13:02,542,553,568
2021/6/2 13:03,542,550,572
2021/6/2 13:04,541,550,571
2021/6/2 13:05,541,552,570
2021/6/2 13:06,541,551,569
2021/6/2 13:07,541,555,568
2021/6/2 13:08,543,557,567
2021/6/2 13:09,546,559,568
2021/6/2 13:10,544,562,572
2021/6/2 13:11,539,562,570
2021/6/2 13:12,532,558,568
2021/6/2 13:13,530,552,567
2021/6/2 13:14,530,550,561
2021/6/2 13:15,535,547,559
2021/6/2 13:16,539,548,559
2021/6/2 13:17,542,549,563
2021/6/2 13:18,542,552,567
2021/6/2 13:19,544,551,567
2021/6/2 13:20,543,553,568
2021/6/2 13:21,544,554,567
2021/6/2 13:22,544,555,568
2021/6/2 13:23,543,554,568
2021/6/2 13:24,538,555,567
2021/6/2 13:25,533,554,566
2021/6/2 13:26,530,553,564
2021/6/2 13:27,527,551,565
2021/6/2 13:28,524,548,561
2021/6/2 13:29,521,541,557
2021/6/2 13:30,518,539,556
2021/6/2 13:31,514,536,550
2021/6/2 13:32,513,534,545
2021/6/2 13:33,517,531,539
2021/6/2 13:34,527,528,538
2021/6/2 13:35,534,532,541
2021/6/2 13:36,537,537,544
2021/6/2 13:37,539,543,552
2021/6/2 13:38,538,544,555
2021/6/2 13:39,538,546,557
2021/6/2 13:40,538,548,560
2021/6/2 13:41,539,545,564
2021/6/2 13:42,538,551,566
2021/6/2 13:43,537,554,567
2021/6/2 13:44,537,554,567
2021/6/2 13:45,537,554,566
2021/6/2 13:46,537,554,564
2021/6/2 13:47,536,552,564
2021/6/2 13:48,536,551,562
2021/6/2 13:49,536,547,561
2021/6/2 13:50,537,548,560
2021/6/2 13:51,537,550,562
2021/6/2 13:52,539,548,562
2021/6/2 13:53,539,547,563
2021/6/2 13:54,539,551,567
2021/6/2 13:55,539,549,567
2021/6/2 13:56,538,552,566
2021/6/2 13:57,537,552,570
2021/6/2 13:58,536,552,570
2021/6/2 13:59,536,551,565
2021/6/2 14:00,536,550,564
2021/6/2 14:01,535,545,562
2021/6/2 14:02,534,544,562
2021/6/2 14:03,534,544,560
2021/6/2 14:04,534,544,561
2021/6/2 14:05,532,542,561
2021/6/2 14:06,532,545,558
2021/6/2 14:07,531,546,557
2021/6/2 14:08,530,541,558
2021/6/2 14:09,529,545,557
2021/6/2 14:10,529,543,558
2021/6/2 14:11,528,541,558
2021/6/2 14:12,526,539,556
2021/6/2 14:13,526,537,557
2021/6/2 14:14,525,533,556
2021/6/2 14:15,526,527,555
2021/6/2 14:16,526,531,554
2021/6/2 14:17,526,530,554
2021/6/2 14:18,526,535,551
2021/6/2 14:19,526,534,554
2021/6/2 14:20,526,534,553
2021/6/2 14:21,525,535,553
2021/6/2 14:22,525,536,556
2021/6/2 14:23,525,540,556
2021/6/2 14:24,523,541,554
2021/6/2 14:25,522,538,552
2021/6/2 14:26,522,538,551
2021/6/2 14:27,522,538,551
2021/6/2 14:28,521,538,551
2021/6/2 14:29,521,537,552
2021/6/2 14:30,521,537,550
2021/6/2 14:31,520,536,549
2021/6/2 14:32,520,532,547
2021/6/2 14:33,520,530,549
2021/6/2 14:34,519,530,550
2021/6/2 14:35,518,530,547
2021/6/2 14:36,518,530,548
2021/6/2 14:37,518,530,547
2021/6/2 14:38,517,530,546
2021/6/2 14:39,515,529,544
2021/6/2 14:40,515,527,542
2021/6/2 14:41,514,525,542
2021/6/2 14:42,515,522,541
2021/6/2 14:43,515,524,541
2021/6/2 14:44,516,523,541
2021/6/2 14:45,515,524,542
2021/6/2 14:46,514,523,543
2021/6/2 14:47,515,525,542
2021/6/2 14:48,514,527,540
2021/6/2 14:49,513,529,540
2021/6/2 14:50,512,526,539
2021/6/2 14:51,511,526,538
2021/6/2 14:52,510,522,536
2021/6/2 14:53,510,521,536
2021/6/2 14:54,510,522,537
2021/6/2 14:55,510,521,537
2021/6/2 14:56,507,519,537
2021/6/2 14:57,516,520,537
2021/6/2 14:58,540,519,538
2021/6/2 14:59,538,525,546
2021/6/2 15:00,528,551,562
2021/6/2 15:01,519,556,562
2021/6/2 15:02,511,550,560
2021/6/2 15:03,506,542,553
2021/6/2 15:04,504,531,543
2021/6/2 15:05,500,526,539
2021/6/2 15:06,499,524,535
2021/6/2 15:07,497,521,532
2021/6/2 15:08,496,520,533
2021/6/2 15:09,495,517,530
2021/6/2 15:10,493,516,528
2021/6/2 15:11,488,513,527
2021/6/2 15:12,488,511,522
2021/6/2 15:13,486,511,520
2021/6/2 15:14,485,509,520
2021/6/2 15:15,484,506,515
2021/6/2 15:16,483,506,512
2021/6/2 15:17,482,504,512
2021/6/2 15:18,481,500,507
2021/6/2 15:19,480,498,508
2021/6/2 15:20,477,497,508
2021/6/2 15:21,474,496,507
2021/6/2 15:22,472,495,505
2021/6/2 15:23,472,494,503
2021/6/2 15:24,472,494,502
2021/6/2 15:25,471,490,503
2021/6/2 15:26,470,490,502
2021/6/2 15:27,469,490,502
2021/6/2 15:28,468,486,500
2021/6/2 15:29,468,486,501
2021/6/2 15:30,466,485,500
2021/6/2 15:31,464,487,499
2021/6/2 15:32,463,485,496
2021/6/2 15:33,462,481,495
2021/6/2 15:34,460,481,495
2021/6/2 15:35,460,480,490
2021/6/2 15:36,460,478,491
2021/6/2 15:37,460,476,492
2021/6/2 15:38,458,477,492
2021/6/2 15:39,458,478,492
2021/6/2 15:40,458,478,489
2021/6/2 15:41,456,479,489
2021/6/2 15:42,455,477,487
2021/6/2 15:43,454,476,488
2021/6/2 15:44,453,474,485
2021/6/2 15:45,453,470,484
2021/6/2 15:46,452,469,486
2021/6/2 15:47,452,468,485
2021/6/2 15:48,452,471,483
2021/6/2 15:49,451,469,483
2021/6/2 15:50,450,467,483
2021/6/2 15:51,448,464,482
2021/6/2 15:52,447,464,480
2021/6/2 15:53,447,463,479
2021/6/2 15:54,446,463,478
2021/6/2 15:55,445,462,478
2021/6/2 15:56,444,462,476
2021/6/2 15:57,444,462,477
2021/6/2 15:58,443,464,476
2021/6/2 15:59,442,462,475
2021/6/2 16:00,442,461,474
2021/6/2 16:01,441,460,474
2021/6/2 16:02,440,459,474
2021/6/2 16:03,440,457,472
2021/6/2 16:04,438,459,471
2021/6/2 16:05,437,462,470
2021/6/2 16:06,436,461,470
2021/6/2 16:07,436,458,471
2021/6/2 16:08,436,458,469
2021/6/2 16:09,435,460,470
2021/6/2 16:10,435,458,467
2021/6/2 16:11,434,461,466
2021/6/2 16:12,433,459,467
2021/6/2 16:13,433,459,467
2021/6/2 16:14,433,458,464
2021/6/2 16:15,432,458,463
2021/6/2 16:16,431,458,464
2021/6/2 16:17,431,457,465
2021/6/2 16:18,431,457,464
2021/6/2 16:19,431,459,462
2021/6/2 16:20,430,457,461
2021/6/2 16:21,430,454,460
2021/6/2 16:22,428,458,460
2021/6/2 16:23,427,457,462
2021/6/2 16:24,427,452,461
2021/6/2 16:25,427,451,460
2021/6/2 16:26,427,453,460
2021/6/2 16:27,426,451,459
2021/6/2 16:28,427,450,456
2021/6/2 16:29,426,452,458
2021/6/2 16:30,426,450,458
2021/6/2 16:31,426,451,459
2021/6/2 16:32,426,451,459
2021/6/2 16:33,425,452,456
2021/6/2 16:34,425,453,457
2021/6/2 16:35,425,457,456
2021/6/2 16:36,425,456,455
2021/6/2 16:37,424,455,455
2021/6/2 16:38,424,452,456
2021/6/2 16:39,424,453,458
2021/6/2 16:40,423,454,458
2021/6/2 16:41,423,455,458
2021/6/2 16:42,423,450,458
2021/6/2 16:43,423,446,456
2021/6/2 16:44,423,445,455
2021/6/2 16:45,423,442,456
2021/6/2 16:46,422,442,456
2021/6/2 16:47,422,442,455
2021/6/2 16:48,421,441,452
2021/6/2 16:49,421,445,450
2021/6/2 16:50,421,444,450
2021/6/2 16:51,421,444,450
2021/6/2 16:52,420,443,451
2021/6/2 16:53,420,441,451
2021/6/2 16:54,420,441,449
2021/6/2 16:55,420,444,450
2021/6/2 16:56,420,440,451
2021/6/2 16:57,419,440,452
2021/6/2 16:58,418,439,449
2021/6/2 16:59,418,441,449
2021/6/2 17:00,417,442,451
2021/6/2 17:01,418,444,452
2021/6/2 17:02,418,443,453
2021/6/2 17:03,418,443,451
2021/6/2 17:04,418,442,452
2021/6/2 17:05,417,445,450
2021/6/2 17:06,417,445,450
2021/6/2 17:07,417,442,447
2021/6/2 17:08,417,445,445
2021/6/2 17:09,417,444,443
2021/6/2 17:10,416,445,445
2021/6/2 17:11,416,447,443
2021/6/2 17:12,416,448,444
2021/6/2 17:13,416,450,446
2021/6/2 17:14,416,445,443
2021/6/2 17:15,416,447,445
2021/6/2 17:16,416,443,445
2021/6/2 17:17,416,443,445
2021/6/2 17:18,415,441,447
2021/6/2 17:19,415,440,445
2021/6/2 17:20,415,438,447
2021/6/2 17:21,415,437,445
2021/6/2 17:22,415,437,444
2021/6/2 17:23,415,436,444
2021/6/2 17:24,415,436,446
2021/6/2 17:25,415,439,445
2021/6/2 17:26,415,438,444
2021/6/2 17:27,415,437,444
2021/6/2 17:28,415,438,444
2021/6/2 17:29,415,441,444
2021/6/2 17:30,415,440,443
2021/6/2 17:31,415,440,443
2021/6/2 17:32,415,439,443
2021/6/2 17:33,415,434,442
2021/6/2 17:34,414,432,441
2021/6/2 17:35,414,434,440
2021/6/2 17:36,414,434,441
2021/6/2 17:37,413,432,441
2021/6/2 17:38,413,434,442
2021/6/2 17:39,413,431,443
2021/6/2 17:40,412,429,442
2021/6/2 17:41,412,430,441
2021/6/2 17:42,412,432,442
2021/6/2 17:43,412,432,440
2021/6/2 17:44,412,432,441
2021/6/2 17:45,410,432,443
2021/6/2 17:46,410,431,441
2021/6/2 17:47,410,432,440
2021/6/2 17:48,411,431,439
2021/6/2 17:49,410,433,439
2021/6/2 17:50,410,430,439
2021/6/2 17:51,411,429,437
2021/6/2 17:52,411,428,438
2021/6/2 17:53,411,429,436
2021/6/2 17:54,412,429,438
2021/6/2 17:55,411,432,436
2021/6/2 17:56,411,431,438
2021/6/2 17:57,411,432,437
2021/6/2 17:58,411,432,434
2021/6/2 17:59,411,433,433
2021/6/2 18:00,410,433,437
2021/6/2 18:01,410,433,437
2021/6/2 18:02,410,432,434
2021/6/2 18:03,410,431,437
2021/6/2 18:04,410,430,437
2021/6/2 18:05,410,429,439
2021/6/2 18:06,410,426,436
2021/6/2 18:07,410,427,434
2021/6/2 18:08,410,427,436
2021/6/2 18:09,410,426,434
2021/6/2 18:10,409,427,435
2021/6/2 18:11,410,428,432
2021/6/2 18:12,409,424,434
2021/6/2 18:13,410,426,431
2021/6/2 18:14,410,427,431
2021/6/2 18:15,409,427,432
2021/6/2 18:16,409,426,432
2021/6/2 18:17,409,424,432
2021/6/2 18:18,409,426,431
2021/6/2 18:19,409,425,432
2021/6/2 18:20,409,425,432
2021/6/2 18:21,410,424,431
2021/6/2 18:22,410,427,432
2021/6/2 18:23,410,428,433
2021/6/2 18:24,410,424,436
2021/6/2 18:25,410,424,434
2021/6/2 18:26,410,423,433
2021/6/2 18:27,410,424,433
2021/6/2 18:28,410,424,434
2021/6/2 18:29,410,424,436
2021/6/2 18:30,410,426,436
2021/6/2 18:31,410,429,435
2021/6/2 18:32,409,428,436
2021/6/2 18:33,409,428,434
2021/6/2 18:34,411,429,436
2021/6/2 18:35,410,431,437
2021/6/2 18:36,410,431,435
2021/6/2 18:37,410,428,437
2021/6/2 18:38,410,428,432
2021/6/2 18:39,410,428,434
2021/6/2 18:40,410,428,435
2021/6/2 18:41,410,428,436
2021/6/2 18:42,409,427,436
2021/6/2 18:43,410,427,436
2021/6/2 18:44,410,427,437
2021/6/2 18:45,410,428,437
2021/6/2 18:46,410,429,438
2021/6/2 18:47,410,429,439
2021/6/2 18:48,410,431,438
2021/6/2 18:49,410,429,438
2021/6/2 18:50,410,432,439
2021/6/2 18:51,410,433,437
2021/6/2 18:52,410,433,437
2021/6/2 18:53,410,433,437
2021/6/2 18:54,409,431,438
2021/6/2 18:55,410,431,436
2021/6/2 18:56,409,431,438
2021/6/2 18:57,409,432,436
2021/6/2 18:58,409,431,436
2021/6/2 18:59,409,430,436
2021/6/2 19:00,410,431,436
2021/6/2 19:01,410,436,437
2021/6/2 19:02,409,436,439
2021/6/2 19:03,410,436,439
2021/6/2 19:04,409,432,437
2021/6/2 19:05,409,433,437
2021/6/2 19:06,409,432,437
2021/6/2 19:07,410,433,437
2021/6/2 19:08,409,431,439
2021/6/2 19:09,410,430,437
2021/6/2 19:10,410,429,436
2021/6/2 19:11,409,430,435
2021/6/2 19:12,410,428,437
2021/6/2 19:13,410,430,438
2021/6/2 19:14,410,428,438
2021/6/2 19:15,410,427,439
2021/6/2 19:16,410,426,439
2021/6/2 19:17,410,427,438
2021/6/2 19:18,409,427,439
2021/6/2 19:19,409,428,437
2021/6/2 19:20,409,428,438
2021/6/2 19:21,409,430,436
2021/6/2 19:22,410,428,434
2021/6/2 19:23,409,428,433
2021/6/2 19:24,410,429,434
2021/6/2 19:25,409,431,435
2021/6/2 19:26,409,430,432
2021/6/2 19:27,409,431,434
2021/6/2 19:28,409,434,436
2021/6/2 19:29,409,435,436
2021/6/2 19:30,409,433,438
2021/6/2 19:31,409,432,437
2021/6/2 19:32,410,430,434
2021/6/2 19:33,409,429,434
2021/6/2 19:34,409,430,432
2021/6/2 19:35,409,430,433
2021/6/2 19:36,409,428,433
2021/6/2 19:37,409,430,431
2021/6/2 19:38,409,428,436
2021/6/2 19:39,409,428,439
2021/6/2 19:40,408,427,437
2021/6/2 19:41,408,427,434
2021/6/2 19:42,409,427,436
2021/6/2 19:43,408,429,435
2021/6/2 19:44,408,431,434
2021/6/2 19:45,408,430,433
2021/6/2 19:46,408,430,434
2021/6/2 19:47,408,429,435
2021/6/2 19:48,409,430,438
2021/6/2 19:49,409,430,434
2021/6/2 19:50,408,427,434
2021/6/2 19:51,409,425,433
2021/6/2 19:52,407,426,434
2021/6/2 19:53,408,425,433
2021/6/2 19:54,408,424,434
2021/6/2 19:55,408,423,434
2021/6/2 19:56,408,421,434
2021/6/2 19:57,408,421,433
2021/6/2 19:58,408,421,435
2021/6/2 19:59,408,418,435
2021/6/2 20:00,409,417,435
2021/6/2 20:01,408,417,435
2021/6/2 20:02,408,419,435
2021/6/2 20:03,408,421,434
2021/6/2 20:04,408,424,436
2021/6/2 20:05,408,423,432
2021/6/2 20:06,408,423,436
2021/6/2 20:07,409,425,436
2021/6/2 20:08,409,426,434
2021/6/2 20:09,408,425,436
2021/6/2 20:10,408,426,436
2021/6/2 20:11,409,425,435
2021/6/2 20:12,409,425,434
2021/6/2 20:13,409,426,432
2021/6/2 20:14,408,425,433
2021/6/2 20:15,409,424,433
2021/6/2 20:16,409,425,432
2021/6/2 20:17,409,424,433
2021/6/2 20:18,409,425,434
2021/6/2 20:19,409,425,436
2021/6/2 20:20,409,426,437
2021/6/2 20:21,408,430,435
2021/6/2 20:22,409,429,434
2021/6/2 20:23,408,430,433
2021/6/2 20:24,409,426,433
2021/6/2 20:25,409,425,433
2021/6/2 20:26,409,424,435
2021/6/2 20:27,409,427,434
2021/6/2 20:28,409,427,432
2021/6/2 20:29,409,429,434
2021/6/2 20:30,410,429,437
2021/6/2 20:31,410,430,435
2021/6/2 20:32,410,427,433
2021/6/2 20:33,410,427,434
2021/6/2 20:34,409,422,435
2021/6/2 20:35,409,423,436
2021/6/2 20:36,410,425,434
2021/6/2 20:37,409,425,436
2021/6/2 20:38,409,423,432
2021/6/2 20:39,409,427,435
2021/6/2 20:40,409,426,435
2021/6/2 20:41,410,428,435
2021/6/2 20:42,410,429,437
2021/6/2 20:43,410,431,435
2021/6/2 20:44,410,433,435
2021/6/2 20:45,410,433,437
2021/6/2 20:46,410,434,436
2021/6/2 20:47,410,435,436
2021/6/2 20:48,410,435,435
2021/6/2 20:49,410,432,436
2021/6/2 20:50,410,432,435
2021/6/2 20:51,410,433,434
2021/6/2 20:52,410,434,435
2021/6/2 20:53,410,433,435
2021/6/2 20:54,411,432,435
2021/6/2 20:55,410,434,437
2021/6/2 20:56,410,434,439
2021/6/2 20:57,410,433,439
2021/6/2 20:58,410,430,437
2021/6/2 20:59,410,431,439
2021/6/2 21:00,411,425,441
2021/6/2 21:01,410,423,442
2021/6/2 21:02,411,422,442
2021/6/2 21:03,411,420,442
2021/6/2 21:04,411,422,440
2021/6/2 21:05,410,423,439
2021/6/2 21:06,411,424,438
2021/6/2 21:07,411,426,439
2021/6/2 21:08,411,426,436
2021/6/2 21:09,411,429,437
2021/6/2 21:10,410,428,437
2021/6/2 21:11,410,430,435
2021/6/2 21:12,411,430,436
2021/6/2 21:13,411,428,439
2021/6/2 21:14,411,425,441
2021/6/2 21:15,411,426,440
2021/6/2 21:16,411,426,439
2021/6/2 21:17,411,427,437
2021/6/2 21:18,411,426,436
2021/6/2 21:19,411,426,437
2021/6/2 21:20,411,427,436
2021/6/2 21:21,412,428,437
2021/6/2 21:22,411,429,437
2021/6/2 21:23,411,430,440
2021/6/2 21:24,411,430,440
2021/6/2 21:25,411,430,439
2021/6/2 21:26,411,431,440
2021/6/2 21:27,411,433,440
2021/6/2 21:28,410,433,442
2021/6/2 21:29,410,433,441
2021/6/2 21:30,411,434,440
2021/6/2 21:31,410,433,439
2021/6/2 21:32,410,433,439
2021/6/2 21:33,410,429,440
2021/6/2 21:34,410,427,439
2021/6/2 21:35,410,428,440
2021/6/2 21:36,410,430,439
2021/6/2 21:37,410,429,438
2021/6/2 21:38,411,431,436
2021/6/2 21:39,411,428,434
2021/6/2 21:40,410,430,437
2021/6/2 21:41,410,431,439
2021/6/2 21:42,410,432,439
2021/6/2 21:43,410,431,440
2021/6/2 21:44,410,432,438
2021/6/2 21:45,410,433,438
2021/6/2 21:46,410,434,436
2021/6/2 21:47,410,433,433
2021/6/2 21:48,410,434,435
2021/6/2 21:49,410,434,438
2021/6/2 21:50,410,433,438
2021/6/2 21:51,410,435,438
2021/6/2 21:52,410,435,441
2021/6/2 21:53,410,437,440
2021/6/2 21:54,410,435,442
2021/6/2 21:55,409,433,441
2021/6/2 21:56,409,430,441
2021/6/2 21:57,409,429,439
2021/6/2 21:58,409,430,438
2021/6/2 21:59,409,429,438
2021/6/2 22:00,409,428,439
2021/6/2 22:01,409,429,438
2021/6/2 22:02,409,424,438
2021/6/2 22:03,410,423,439
2021/6/2 22:04,409,425,436
2021/6/2 22:05,410,428,437
2021/6/2 22:06,410,430,436
2021/6/2 22:07,410,428,434
2021/6/2 22:08,410,426,436
2021/6/2 22:09,410,427,437
2021/6/2 22:10,410,427,437
2021/6/2 22:11,410,427,438
2021/6/2 22:12,411,425,437
2021/6/2 22:13,411,428,436
2021/6/2 22:14,411,428,435
2021/6/2 22:15,411,427,437
2021/6/2 22:16,411,428,438
2021/6/2 22:17,412,427,440
2021/6/2 22:18,412,425,440
2021/6/2 22:19,412,426,439
2021/6/2 22:20,412,427,439
2021/6/2 22:21,411,425,440
2021/6/2 22:22,411,425,440
2021/6/2 22:23,411,424,441
2021/6/2 22:24,411,425,442
2021/6/2 22:25,412,428,440
2021/6/2 22:26,412,430,438
2021/6/2 22:27,413,428,436
2021/6/2 22:28,413,429,436
2021/6/2 22:29,413,429,436
2021/6/2 22:30,413,433,438
2021/6/2 22:31,412,432,439
2021/6/2 22:32,413,431,439
2021/6/2 22:33,413,430,439
2021/6/2 22:34,413,432,440
2021/6/2 22:35,414,431,437
2021/6/2 22:36,413,431,438
2021/6/2 22:37,413,427,438
2021/6/2 22:38,414,426,441
2021/6/2 22:39,413,427,441
2021/6/2 22:40,413,422,439
2021/6/2 22:41,413,423,438
2021/6/2 22:42,413,424,442
2021/6/2 22:43,413,422,440
2021/6/2 22:44,413,420,440
2021/6/2 22:45,413,421,440
2021/6/2 22:46,412,424,441
2021/6/2 22:47,413,423,440
2021/6/2 22:48,412,421,437
2021/6/2 22:49,413,423,438
2021/6/2 22:50,413,423,434
2021/6/2 22:51,413,423,434
2021/6/2 22:52,413,426,437
2021/6/2 22:53,413,428,440
2021/6/2 22:54,413,426,441
2021/6/2 22:55,413,427,444
2021/6/2 22:56,413,429,440
2021/6/2 22:57,413,430,438
2021/6/2 22:58,413,430,438
2021/6/2 22:59,413,429,440
2021/6/2 23:00,413,430,441
2021/6/2 23:01,413,428,440
2021/6/2 23:02,412,427,441
2021/6/2 23:03,413,429,442
2021/6/2 23:04,413,428,441
2021/6/2 23:05,413,428,442
2021/6/2 23:06,413,426,440
2021/6/2 23:07,413,425,438
2021/6/2 23:08,413,424,437
2021/6/2 23:09,413,428,438
2021/6/2 23:10,413,427,438
2021/6/2 23:11,413,426,440
2021/6/2 23:12,412,427,441
2021/6/2 23:13,412,428,439
2021/6/2 23:14,412,428,438
2021/6/2 23:15,412,427,438
2021/6/2 23:16,412,427,440
2021/6/2 23:17,412,428,439
2021/6/2 23:18,413,428,441
2021/6/2 23:19,413,426,441
2021/6/2 23:20,412,426,440
2021/6/2 23:21,412,426,441
2021/6/2 23:22,411,425,440
2021/6/2 23:23,411,423,440
2021/6/2 23:24,411,423,440
2021/6/2 23:25,411,423,439
2021/6/2 23:26,411,423,439
2021/6/2 23:27,411,423,439
2021/6/2 23:28,411,421,436
2021/6/2 23:29,411,418,436
2021/6/2 23:30,411,418,435
2021/6/2 23:31,411,417,434
2021/6/2 23:32,411,416,436
2021/6/2 23:33,412,417,436
2021/6/2 23:34,412,418,437
2021/6/2 23:35,411,420,437
2021/6/2 23:36,411,419,437
2021/6/2 23:37,411,419,437
2021/6/2 23:38,411,420,437
2021/6/2 23:39,411,419,436
2021/6/2 23:40,411,417,436
2021/6/2 23:41,411,417,436
2021/6/2 23:42,411,417,437
2021/6/2 23:43,411,415,436
2021/6/2 23:44,411,417,435
2021/6/2 23:45,410,417,437
2021/6/2 23:46,411,418,437
2021/6/2 23:47,411,419,436
2021/6/2 23:48,411,421,435
2021/6/2 23:49,411,421,433
2021/6/2 23:50,410,419,434
2021/6/2 23:51,410,420,433
2021/6/2 23:52,410,420,433
2021/6/2 23:53,410,419,435
2021/6/2 23:54,410,420,433
2021/6/2 23:55,411,422,434
2021/6/2 23:56,410,425,434
2021/6/2 23:57,410,425,439
2021/6/2 23:58,411,426,440
2021/6/2 23:59,411,425,437
2021/6/3 0:00,411,421,437