datetime,CO2 [ppm],Temperature [°C],Relative Humidity [%],Water Vapor Pressure [hPa]
2021/4/6 0:00,412,19.1,42,9.3
2021/4/6 0:01,409,19.1,42.1,9.3
2021/4/6 0:02,410,19.1,42,9.3
2021/4/6 0:03,409,19.1,42.1,9.3
2021/4/6 0:04,410,19.1,42.1,9.3
2021/4/6 0:05,411,19.1,42,9.3
2021/4/6 0:06,410,19.1,42,9.3
2021/4/6 0:07,405,19.1,42.1,9.3
2021/4/6 0:08,407,19.1,42.1,9.3
2021/4/6 0:09,407,19.1,42.1,9.3
2021/4/6 0:10,405,19.1,42,9.3
2021/4/6 0:11,404,19.1,42.1,9.3
2021/4/6 0:12,404,19.1,42,9.3
2021/4/6 0:13,404,19.1,41.9,9.3
2021/4/6 0:14,407,19.1,42,9.3
2021/4/6 0:15,407,19.1,42,9.3
2021/4/6 0:16,405,19.1,42,9.3
2021/4/6 0:17,404,19.1,42,9.3
2021/4/6 0:18,407,19.1,42,9.3
2021/4/6 0:19,408,19.1,42,9.3
2021/4/6 0:20,406,19.1,42,9.3
2021/4/6 0:21,407,19.1,42.1,9.3
2021/4/6 0:22,409,19.1,42,9.3
2021/4/6 0:23,409,19.1,42,9.3
2021/4/6 0:24,410,19.1,42,9.3
2021/4/6 0:25,410,19.1,42.1,9.3
2021/4/6 0:26,410,19.1,42,9.3
2021/4/6 0:27,410,19.1,42,9.3
2021/4/6 0:28,407,19.1,42,9.3
2021/4/6 0:29,409,19.1,41.9,9.2
2021/4/6 0:30,409,19.1,41.9,9.3
2021/4/6 0:31,410,19.1,41.9,9.3
2021/4/6 0:32,409,19.1,42,9.3
2021/4/6 0:33,409,19.1,41.9,9.2
2021/4/6 0:34,406,19.1,42,9.3
2021/4/6 0:35,405,19.1,42,9.3
2021/4/6 0:36,402,19,42,9.2
2021/4/6 0:37,401,19.1,42,9.3
2021/4/6 0:38,402,19.1,41.9,9.3
2021/4/6 0:39,399,19.1,41.9,9.2
2021/4/6 0:40,399,19.1,41.9,9.3
2021/4/6 0:41,402,19.1,42,9.2
2021/4/6 0:42,401,19.1,41.9,9.3
2021/4/6 0:43,399,19.1,41.9,9.3
2021/4/6 0:44,401,19.1,41.9,9.2
2021/4/6 0:45,401,19.1,41.9,9.2
2021/4/6 0:46,400,19.1,41.9,9.3
2021/4/6 0:47,402,19.1,41.9,9.2
2021/4/6 0:48,402,19.1,41.9,9.2
2021/4/6 0:49,400,19,41.9,9.2
2021/4/6 0:50,399,19,41.9,9.2
2021/4/6 0:51,399,19,41.9,9.2
2021/4/6 0:52,400,19,41.9,9.2
2021/4/6 0:53,402,19,41.9,9.2
2021/4/6 0:54,403,19,41.9,9.2
2021/4/6 0:55,403,19,42,9.2
2021/4/6 0:56,401,19,41.9,9.2
2021/4/6 0:57,398,19,41.9,9.2
2021/4/6 0:58,398,19,41.9,9.2
2021/4/6 0:59,399,19,41.9,9.2
2021/4/6 1:00,402,19,42,9.2
2021/4/6 1:01,403,19,41.9,9.2
2021/4/6 1:02,399,19,42,9.2
2021/4/6 1:03,397,19,41.9,9.2
2021/4/6 1:04,395,19,41.9,9.2
2021/4/6 1:05,397,19,42,9.2
2021/4/6 1:06,396,19,42,9.2
2021/4/6 1:07,398,19,41.9,9.2
2021/4/6 1:08,392,19,42,9.2
2021/4/6 1:09,389,19.1,41.9,9.2
2021/4/6 1:10,393,19,41.9,9.2
2021/4/6 1:11,390,19,41.9,9.2
2021/4/6 1:12,391,19,41.8,9.2
2021/4/6 1:13,393,19,41.9,9.2
2021/4/6 1:14,395,19,41.9,9.2
2021/4/6 1:15,395,19,41.8,9.2
2021/4/6 1:16,393,19,41.9,9.2
2021/4/6 1:17,393,19,41.8,9.2
2021/4/6 1:18,395,19,41.8,9.2
2021/4/6 1:19,394,19,41.8,9.2
2021/4/6 1:20,392,19,41.9,9.2
2021/4/6 1:21,391,19,41.8,9.2
2021/4/6 1:22,392,19,41.8,9.2
2021/4/6 1:23,394,19,41.8,9.2
2021/4/6 1:24,393,19,41.7,9.2
2021/4/6 1:25,393,19,41.8,9.2
2021/4/6 1:26,394,19,41.9,9.2
2021/4/6 1:27,395,19,41.8,9.2
2021/4/6 1:28,397,19,41.8,9.2
2021/4/6 1:29,397,19,41.8,9.2
2021/4/6 1:30,394,19,41.8,9.2
2021/4/6 1:31,394,19,41.8,9.2
2021/4/6 1:32,395,19,41.8,9.2
2021/4/6 1:33,397,19,41.8,9.2
2021/4/6 1:34,395,19,41.8,9.2
2021/4/6 1:35,397,19,41.8,9.2
2021/4/6 1:36,399,19,41.8,9.2
2021/4/6 1:37,404,19,41.8,9.2
2021/4/6 1:38,403,19,41.9,9.2
2021/4/6 1:39,401,19,41.8,9.2
2021/4/6 1:40,398,19,41.8,9.2
2021/4/6 1:41,400,19,41.8,9.2
2021/4/6 1:42,398,19,41.8,9.2
2021/4/6 1:43,400,19,41.8,9.2
2021/4/6 1:44,399,19,41.7,9.2
2021/4/6 1:45,401,19,41.7,9.2
2021/4/6 1:46,403,19,41.8,9.2
2021/4/6 1:47,399,19,41.8,9.2
2021/4/6 1:48,399,19,41.8,9.2
2021/4/6 1:49,400,19,41.8,9.2
2021/4/6 1:50,399,19,41.8,9.2
2021/4/6 1:51,399,19,41.7,9.2
2021/4/6 1:52,402,19,41.8,9.2
2021/4/6 1:53,402,18.9,41.8,9.1
2021/4/6 1:54,404,18.9,41.8,9.2
2021/4/6 1:55,401,18.9,41.8,9.1
2021/4/6 1:56,402,19,41.8,9.2
2021/4/6 1:57,405,19,41.7,9.1
2021/4/6 1:58,403,19,41.8,9.2
2021/4/6 1:59,401,19,41.8,9.2
2021/4/6 2:00,401,18.9,41.8,9.1
2021/4/6 2:01,401,18.9,41.8,9.1
2021/4/6 2:02,399,18.9,41.8,9.1
2021/4/6 2:03,398,19,41.7,9.1
2021/4/6 2:04,396,19,41.8,9.1
2021/4/6 2:05,398,18.9,41.7,9.1
2021/4/6 2:06,395,19,41.8,9.1
2021/4/6 2:07,395,19,41.7,9.2
2021/4/6 2:08,394,19,41.8,9.1
2021/4/6 2:09,394,19,41.7,9.1
2021/4/6 2:10,390,19,41.7,9.1
2021/4/6 2:11,389,18.9,41.8,9.1
2021/4/6 2:12,392,19,41.7,9.1
2021/4/6 2:13,392,19,41.7,9.1
2021/4/6 2:14,396,18.9,41.8,9.1
2021/4/6 2:15,396,18.9,41.8,9.1
2021/4/6 2:16,394,18.9,41.7,9.1
2021/4/6 2:17,392,18.9,41.7,9.1
2021/4/6 2:18,392,18.9,41.7,9.1
2021/4/6 2:19,393,18.9,41.8,9.1
2021/4/6 2:20,392,18.9,41.7,9.1
2021/4/6 2:21,393,18.9,41.7,9.1
2021/4/6 2:22,391,18.9,41.7,9.1
2021/4/6 2:23,393,18.9,41.7,9.1
2021/4/6 2:24,396,18.9,41.7,9.1
2021/4/6 2:25,394,18.9,41.7,9.1
2021/4/6 2:26,394,18.9,41.7,9.1
2021/4/6 2:27,394,18.9,41.7,9.1
2021/4/6 2:28,392,19,41.7,9.1
2021/4/6 2:29,392,18.9,41.7,9.1
2021/4/6 2:30,394,18.9,41.7,9.1
2021/4/6 2:31,394,18.9,41.7,9.1
2021/4/6 2:32,390,18.9,41.7,9.1
2021/4/6 2:33,390,18.9,41.8,9.1
2021/4/6 2:34,390,18.9,41.7,9.1
2021/4/6 2:35,389,18.9,41.8,9.1
2021/4/6 2:36,390,18.9,41.7,9.1
2021/4/6 2:37,392,18.9,41.7,9.1
2021/4/6 2:38,390,18.9,41.7,9.1
2021/4/6 2:39,390,18.9,41.7,9.1
2021/4/6 2:40,389,18.9,41.7,9.1
2021/4/6 2:41,391,18.9,41.7,9.1
2021/4/6 2:42,393,18.9,41.7,9.1
2021/4/6 2:43,394,18.9,41.7,9.1
2021/4/6 2:44,393,18.9,41.7,9.1
2021/4/6 2:45,392,18.9,41.7,9.1
2021/4/6 2:46,391,18.9,41.7,9.1
2021/4/6 2:47,394,18.9,41.7,9.1
2021/4/6 2:48,395,18.9,41.7,9.1
2021/4/6 2:49,392,18.9,41.8,9.1
2021/4/6 2:50,391,18.9,41.8,9.1
2021/4/6 2:51,388,18.9,41.7,9.1
2021/4/6 2:52,389,18.9,41.8,9.1
2021/4/6 2:53,388,18.9,41.7,9.1
2021/4/6 2:54,387,18.8,41.7,9.1
2021/4/6 2:55,386,18.8,41.7,9.1
2021/4/6 2:56,384,18.9,41.8,9.1
2021/4/6 2:57,385,18.9,41.7,9.1
2021/4/6 2:58,385,18.8,41.7,9.1
2021/4/6 2:59,385,18.9,41.8,9.1
2021/4/6 3:00,386,18.9,41.8,9.1
2021/4/6 3:01,385,18.8,41.8,9.1
2021/4/6 3:02,387,18.9,41.7,9.1
2021/4/6 3:03,386,18.9,41.8,9.1
2021/4/6 3:04,388,18.8,41.7,9.1
2021/4/6 3:05,388,18.8,41.7,9.1
2021/4/6 3:06,388,18.8,41.8,9.1
2021/4/6 3:07,387,18.8,41.8,9.1
2021/4/6 3:08,390,18.8,41.7,9.1
2021/4/6 3:09,392,18.8,41.8,9.1
2021/4/6 3:10,391,18.8,41.8,9.1
2021/4/6 3:11,394,18.8,41.9,9.1
2021/4/6 3:12,393,18.8,41.8,9.1
2021/4/6 3:13,390,18.8,41.7,9.1
2021/4/6 3:14,391,18.9,41.8,9.1
2021/4/6 3:15,390,18.8,41.8,9.1
2021/4/6 3:16,386,18.8,41.8,9.1
2021/4/6 3:17,385,18.8,41.7,9.1
2021/4/6 3:18,384,18.8,41.8,9.1
2021/4/6 3:19,386,18.8,41.8,9.1
2021/4/6 3:20,384,18.8,41.8,9.1
2021/4/6 3:21,385,18.8,41.7,9.1
2021/4/6 3:22,387,18.8,41.8,9.1
2021/4/6 3:23,387,18.8,41.7,9.1
2021/4/6 3:24,386,18.8,41.8,9.1
2021/4/6 3:25,385,18.8,41.8,9.1
2021/4/6 3:26,383,18.8,41.7,9.1
2021/4/6 3:27,384,18.8,41.7,9.1
2021/4/6 3:28,385,18.8,41.8,9.1
2021/4/6 3:29,385,18.8,41.8,9.1
2021/4/6 3:30,386,18.8,41.8,9.1
2021/4/6 3:31,386,18.8,41.8,9.1
2021/4/6 3:32,385,18.8,41.7,9.1
2021/4/6 3:33,385,18.8,41.7,9.1
2021/4/6 3:34,386,18.8,41.8,9.1
2021/4/6 3:35,389,18.8,41.8,9.1
2021/4/6 3:36,387,18.8,41.7,9.1
2021/4/6 3:37,387,18.8,41.6,9
2021/4/6 3:38,388,18.8,41.7,9.1
2021/4/6 3:39,388,18.8,41.7,9.1
2021/4/6 3:40,392,18.8,41.7,9.1
2021/4/6 3:41,391,18.8,41.7,9
2021/4/6 3:42,393,18.8,41.7,9.1
2021/4/6 3:43,391,18.8,41.7,9
2021/4/6 3:44,388,18.8,41.7,9
2021/4/6 3:45,388,18.8,41.7,9
2021/4/6 3:46,386,18.8,41.7,9
2021/4/6 3:47,387,18.8,41.7,9.1
2021/4/6 3:48,387,18.8,41.6,9
2021/4/6 3:49,389,18.8,41.7,9.1
2021/4/6 3:50,390,18.8,41.6,9
2021/4/6 3:51,390,18.8,41.7,9
2021/4/6 3:52,389,18.8,41.7,9
2021/4/6 3:53,388,18.8,41.6,9
2021/4/6 3:54,389,18.8,41.6,9
2021/4/6 3:55,388,18.8,41.6,9
2021/4/6 3:56,386,18.8,41.6,9
2021/4/6 3:57,387,18.8,41.7,9
2021/4/6 3:58,388,18.8,41.7,9
2021/4/6 3:59,390,18.8,41.7,9
2021/4/6 4:00,391,18.8,41.6,9
2021/4/6 4:01,392,18.8,41.7,9
2021/4/6 4:02,393,18.8,41.6,9
2021/4/6 4:03,391,18.8,41.6,9
2021/4/6 4:04,390,18.8,41.5,9
2021/4/6 4:05,391,18.8,41.6,9
2021/4/6 4:06,389,18.8,41.6,9
2021/4/6 4:07,388,18.8,41.5,9
2021/4/6 4:08,389,18.8,41.5,9
2021/4/6 4:09,388,18.8,41.6,9
2021/4/6 4:10,387,18.8,41.7,9
2021/4/6 4:11,388,18.8,41.6,9
2021/4/6 4:12,388,18.8,41.6,9
2021/4/6 4:13,390,18.8,41.6,9
2021/4/6 4:14,390,18.8,41.6,9
2021/4/6 4:15,387,18.7,41.6,9
2021/4/6 4:16,386,18.8,41.6,9
2021/4/6 4:17,385,18.8,41.6,9
2021/4/6 4:18,387,18.8,41.6,9
2021/4/6 4:19,386,18.8,41.6,9
2021/4/6 4:20,387,18.8,41.6,9
2021/4/6 4:21,386,18.8,41.6,9
2021/4/6 4:22,387,18.8,41.6,9
2021/4/6 4:23,386,18.8,41.6,9
2021/4/6 4:24,389,18.8,41.6,9
2021/4/6 4:25,387,18.7,41.6,9
2021/4/6 4:26,386,18.7,41.6,9
2021/4/6 4:27,387,18.8,41.6,9
2021/4/6 4:28,390,18.7,41.6,9
2021/4/6 4:29,388,18.8,41.6,9
2021/4/6 4:30,388,18.8,41.6,9
2021/4/6 4:31,387,18.7,41.6,9
2021/4/6 4:32,387,18.8,41.6,9
2021/4/6 4:33,388,18.7,41.6,9
2021/4/6 4:34,384,18.8,41.5,9
2021/4/6 4:35,382,18.7,41.6,9
2021/4/6 4:36,387,18.8,41.6,9
2021/4/6 4:37,386,18.7,41.6,9
2021/4/6 4:38,387,18.8,41.5,9
2021/4/6 4:39,385,18.7,41.5,9
2021/4/6 4:40,385,18.7,41.6,9
2021/4/6 4:41,385,18.7,41.6,9
2021/4/6 4:42,386,18.8,41.5,9
2021/4/6 4:43,387,18.7,41.6,9
2021/4/6 4:44,387,18.7,41.6,9
2021/4/6 4:45,387,18.7,41.6,9
2021/4/6 4:46,387,18.7,41.6,9
2021/4/6 4:47,386,18.7,41.6,9
2021/4/6 4:48,386,18.7,41.6,9
2021/4/6 4:49,386,18.7,41.5,9
2021/4/6 4:50,386,18.7,41.6,9
2021/4/6 4:51,383,18.7,41.5,9
2021/4/6 4:52,384,18.7,41.5,9
2021/4/6 4:53,385,18.7,41.5,9
2021/4/6 4:54,385,18.7,41.5,9
2021/4/6 4:55,388,18.7,41.5,9
2021/4/6 4:56,387,18.7,41.6,9
2021/4/6 4:57,389,18.7,41.5,9
2021/4/6 4:58,389,18.7,41.5,9
2021/4/6 4:59,388,18.7,41.5,9
2021/4/6 5:00,390,18.8,41.5,9
2021/4/6 5:01,388,18.7,41.5,9
2021/4/6 5:02,387,18.8,41.5,9
2021/4/6 5:03,386,18.7,41.5,9
2021/4/6 5:04,388,18.7,41.4,9
2021/4/6 5:05,386,18.7,41.5,9
2021/4/6 5:06,385,18.7,41.4,8.9
2021/4/6 5:07,387,18.8,41.5,9
2021/4/6 5:08,388,18.7,41.5,9
2021/4/6 5:09,390,18.7,41.4,8.9
2021/4/6 5:10,389,18.7,41.4,8.9
2021/4/6 5:11,389,18.7,41.3,8.9
2021/4/6 5:12,392,18.7,41.4,8.9
2021/4/6 5:13,390,18.7,41.4,8.9
2021/4/6 5:14,390,18.7,41.4,8.9
2021/4/6 5:15,387,18.7,41.4,8.9
2021/4/6 5:16,385,18.7,41.3,8.9
2021/4/6 5:17,382,18.7,41.3,8.9
2021/4/6 5:18,383,18.7,41.3,8.9
2021/4/6 5:19,380,18.7,41.3,8.9
2021/4/6 5:20,382,18.7,41.3,8.9
2021/4/6 5:21,383,18.7,41.3,8.9
2021/4/6 5:22,385,18.7,41.3,8.9
2021/4/6 5:23,388,18.7,41.3,8.9
2021/4/6 5:24,387,18.7,41.3,8.9
2021/4/6 5:25,389,18.7,41.3,8.9
2021/4/6 5:26,389,18.7,41.3,8.9
2021/4/6 5:27,387,18.7,41.3,8.9
2021/4/6 5:28,389,18.7,41.3,8.9
2021/4/6 5:29,392,18.7,41.3,8.9
2021/4/6 5:30,393,18.7,41.3,8.9
2021/4/6 5:31,395,18.7,41.3,8.9
2021/4/6 5:32,393,18.7,41.3,8.9
2021/4/6 5:33,390,18.7,41.2,8.9
2021/4/6 5:34,389,18.7,41.2,8.9
2021/4/6 5:35,388,18.7,41.2,8.9
2021/4/6 5:36,385,18.7,41.2,8.9
2021/4/6 5:37,385,18.7,41.2,8.9
2021/4/6 5:38,384,18.7,41.2,8.9
2021/4/6 5:39,384,18.7,41.1,8.9
2021/4/6 5:40,384,18.7,41.1,8.9
2021/4/6 5:41,385,18.7,41.1,8.9
2021/4/6 5:42,386,18.7,41.2,8.9
2021/4/6 5:43,387,18.7,41.2,8.9
2021/4/6 5:44,386,18.7,41.1,8.9
2021/4/6 5:45,385,18.7,41.1,8.9
2021/4/6 5:46,387,18.7,41.2,8.9
2021/4/6 5:47,387,18.7,41.2,8.9
2021/4/6 5:48,387,18.7,41.2,8.9
2021/4/6 5:49,388,18.7,41.2,8.9
2021/4/6 5:50,388,18.7,41.1,8.8
2021/4/6 5:51,384,18.7,41.2,8.9
2021/4/6 5:52,383,18.7,41.2,8.9
2021/4/6 5:53,381,18.7,41.2,8.9
2021/4/6 5:54,380,18.7,41.2,8.9
2021/4/6 5:55,381,18.7,41.1,8.8
2021/4/6 5:56,378,18.7,41.1,8.9
2021/4/6 5:57,380,18.7,41.1,8.8
2021/4/6 5:58,381,18.7,41.2,8.9
2021/4/6 5:59,381,18.7,41.1,8.9
2021/4/6 6:00,382,18.7,41.1,8.8
2021/4/6 6:01,380,18.7,41.1,8.9
2021/4/6 6:02,384,18.7,41.1,8.8
2021/4/6 6:03,381,18.7,41.1,8.9
2021/4/6 6:04,380,18.7,41.1,8.9
2021/4/6 6:05,381,18.7,41.1,8.8
2021/4/6 6:06,381,18.7,41.1,8.8
2021/4/6 6:07,381,18.7,41,8.8
2021/4/6 6:08,377,18.7,41.1,8.8
2021/4/6 6:09,378,18.7,41,8.8
2021/4/6 6:10,379,18.7,41,8.8
2021/4/6 6:11,381,18.7,41,8.8
2021/4/6 6:12,383,18.7,41,8.8
2021/4/6 6:13,382,18.7,40.9,8.8
2021/4/6 6:14,384,18.7,41,8.8
2021/4/6 6:15,386,18.7,41,8.8
2021/4/6 6:16,384,18.7,40.9,8.8
2021/4/6 6:17,386,18.7,41,8.8
2021/4/6 6:18,385,18.7,40.9,8.8
2021/4/6 6:19,385,18.6,40.9,8.8
2021/4/6 6:20,387,18.7,40.9,8.8
2021/4/6 6:21,384,18.6,41,8.8
2021/4/6 6:22,384,18.6,40.8,8.8
2021/4/6 6:23,385,18.6,40.8,8.8
2021/4/6 6:24,387,18.6,40.9,8.8
2021/4/6 6:25,388,18.6,40.9,8.8
2021/4/6 6:26,389,18.7,40.9,8.8
2021/4/6 6:27,388,18.7,40.9,8.8
2021/4/6 6:28,388,18.6,40.9,8.8
2021/4/6 6:29,389,18.7,40.9,8.8
2021/4/6 6:30,390,18.7,40.9,8.8
2021/4/6 6:31,389,18.6,40.9,8.8
2021/4/6 6:32,384,18.7,40.9,8.8
2021/4/6 6:33,386,18.7,40.9,8.8
2021/4/6 6:34,383,18.6,40.8,8.8
2021/4/6 6:35,383,18.6,40.8,8.8
2021/4/6 6:36,385,18.7,40.8,8.8
2021/4/6 6:37,386,18.7,40.8,8.8
2021/4/6 6:38,386,18.6,40.8,8.8
2021/4/6 6:39,389,18.6,40.7,8.7
2021/4/6 6:40,392,18.6,40.8,8.8
2021/4/6 6:41,394,18.6,40.8,8.8
2021/4/6 6:42,392,18.6,40.8,8.8
2021/4/6 6:43,393,18.7,40.7,8.8
2021/4/6 6:44,390,18.6,40.6,8.7
2021/4/6 6:45,390,18.6,40.6,8.7
2021/4/6 6:46,389,18.6,40.8,8.8
2021/4/6 6:47,388,18.6,40.6,8.7
2021/4/6 6:48,388,18.7,40.7,8.7
2021/4/6 6:49,387,18.6,40.7,8.7
2021/4/6 6:50,388,18.6,40.7,8.7
2021/4/6 6:51,385,18.6,40.6,8.7
2021/4/6 6:52,386,18.6,40.7,8.7
2021/4/6 6:53,385,18.6,40.7,8.7
2021/4/6 6:54,386,18.6,40.8,8.7
2021/4/6 6:55,388,18.6,40.7,8.7
2021/4/6 6:56,388,18.6,40.7,8.7
2021/4/6 6:57,388,18.6,40.7,8.7
2021/4/6 6:58,386,18.6,40.7,8.7
2021/4/6 6:59,382,18.6,40.7,8.7
2021/4/6 7:00,383,18.6,40.6,8.7
2021/4/6 7:01,382,18.6,40.7,8.7
2021/4/6 7:02,383,18.7,40.6,8.7
2021/4/6 7:03,384,18.6,40.6,8.7
2021/4/6 7:04,382,18.6,40.7,8.7
2021/4/6 7:05,383,18.6,40.7,8.7
2021/4/6 7:06,384,18.6,40.8,8.8
2021/4/6 7:07,380,18.6,40.8,8.8
2021/4/6 7:08,381,18.7,40.7,8.8
2021/4/6 7:09,383,18.6,40.8,8.7
2021/4/6 7:10,384,18.6,40.7,8.7
2021/4/6 7:11,383,18.6,40.7,8.7
2021/4/6 7:12,383,18.6,40.7,8.7
2021/4/6 7:13,383,18.6,40.7,8.7
2021/4/6 7:14,382,18.6,40.8,8.7
2021/4/6 7:15,380,18.6,40.7,8.7
2021/4/6 7:16,382,18.6,40.7,8.7
2021/4/6 7:17,386,18.6,40.8,8.7
2021/4/6 7:18,388,18.6,40.7,8.7
2021/4/6 7:19,388,18.6,40.8,8.7
2021/4/6 7:20,388,18.7,40.7,8.8
2021/4/6 7:21,389,18.7,40.7,8.8
2021/4/6 7:22,388,18.6,40.7,8.7
2021/4/6 7:23,384,18.6,40.7,8.7
2021/4/6 7:24,385,18.6,40.7,8.7
2021/4/6 7:25,385,18.6,40.7,8.7
2021/4/6 7:26,386,18.7,40.6,8.7
2021/4/6 7:27,381,18.6,40.7,8.7
2021/4/6 7:28,383,18.6,40.6,8.7
2021/4/6 7:29,384,18.6,40.8,8.7
2021/4/6 7:30,384,18.7,40.8,8.8
2021/4/6 7:31,385,18.7,40.7,8.8
2021/4/6 7:32,387,18.6,40.7,8.7
2021/4/6 7:33,384,18.6,40.7,8.7
2021/4/6 7:34,383,18.6,40.7,8.7
2021/4/6 7:35,385,18.6,40.7,8.7
2021/4/6 7:36,389,18.6,40.7,8.7
2021/4/6 7:37,387,18.7,40.7,8.7
2021/4/6 7:38,388,18.6,40.7,8.7
2021/4/6 7:39,388,18.6,40.8,8.8
2021/4/6 7:40,387,18.6,40.7,8.7
2021/4/6 7:41,387,18.7,40.7,8.8
2021/4/6 7:42,388,18.6,40.7,8.7
2021/4/6 7:43,387,18.6,40.8,8.8
2021/4/6 7:44,386,18.7,40.7,8.7
2021/4/6 7:45,386,18.6,40.7,8.7
2021/4/6 7:46,386,18.6,40.8,8.8
2021/4/6 7:47,384,18.6,40.8,8.7
2021/4/6 7:48,385,18.6,40.8,8.8
2021/4/6 7:49,385,18.6,40.8,8.7
2021/4/6 7:50,385,18.6,40.8,8.8
2021/4/6 7:51,385,18.6,40.8,8.8
2021/4/6 7:52,380,18.6,40.7,8.7
2021/4/6 7:53,381,18.7,40.7,8.8
2021/4/6 7:54,382,18.6,40.6,8.7
2021/4/6 7:55,385,18.7,40.7,8.8
2021/4/6 7:56,388,18.7,40.6,8.7
2021/4/6 7:57,388,18.6,40.6,8.7
2021/4/6 7:58,387,18.7,40.6,8.7
2021/4/6 7:59,387,18.7,40.7,8.8
2021/4/6 8:00,388,18.7,40.6,8.7
2021/4/6 8:01,388,18.7,40.6,8.7
2021/4/6 8:02,385,18.7,40.6,8.7
2021/4/6 8:03,385,18.7,40.6,8.7
2021/4/6 8:04,385,18.7,40.5,8.7
2021/4/6 8:05,386,18.7,40.6,8.8
2021/4/6 8:06,388,18.7,40.6,8.7
2021/4/6 8:07,388,18.7,40.5,8.7
2021/4/6 8:08,384,18.7,40.4,8.7
2021/4/6 8:09,385,18.7,40.5,8.7
2021/4/6 8:10,387,18.7,40.5,8.7
2021/4/6 8:11,389,18.7,40.5,8.7
2021/4/6 8:12,389,18.7,40.6,8.7
2021/4/6 8:13,387,18.7,40.4,8.7
2021/4/6 8:14,390,18.7,40.5,8.7
2021/4/6 8:15,393,18.7,40.4,8.7
2021/4/6 8:16,389,18.7,40.5,8.7
2021/4/6 8:17,391,18.7,40.5,8.7
2021/4/6 8:18,389,18.7,40.5,8.7
2021/4/6 8:19,389,18.7,40.5,8.7
2021/4/6 8:20,389,18.7,40.4,8.7
2021/4/6 8:21,386,18.7,40.5,8.7
2021/4/6 8:22,386,18.7,40.4,8.7
2021/4/6 8:23,387,18.7,40.4,8.7
2021/4/6 8:24,387,18.7,40.4,8.7
2021/4/6 8:25,389,18.7,40.4,8.7
2021/4/6 8:26,389,18.7,40.3,8.7
2021/4/6 8:27,392,18.7,40.3,8.7
2021/4/6 8:28,389,18.7,40.3,8.7
2021/4/6 8:29,392,18.7,40.3,8.7
2021/4/6 8:30,390,18.7,40.3,8.7
2021/4/6 8:31,391,18.7,40.3,8.7
2021/4/6 8:32,391,18.7,40.3,8.7
2021/4/6 8:33,391,18.7,40.2,8.7
2021/4/6 8:34,389,18.7,40.2,8.7
2021/4/6 8:35,388,18.7,40.3,8.7
2021/4/6 8:36,390,18.7,40.2,8.7
2021/4/6 8:37,393,18.7,40.2,8.7
2021/4/6 8:38,393,18.7,40.2,8.7
2021/4/6 8:39,395,18.7,40.2,8.7
2021/4/6 8:40,394,18.7,40.1,8.7
2021/4/6 8:41,394,18.7,39.9,8.6
2021/4/6 8:42,397,18.7,39.6,8.6
2021/4/6 8:43,398,18.7,39.4,8.5
2021/4/6 8:44,395,18.7,39.3,8.5
2021/4/6 8:45,396,18.7,39.1,8.4
2021/4/6 8:46,396,18.7,38.8,8.4
2021/4/6 8:47,394,18.7,38.1,8.2
2021/4/6 8:48,394,18.7,38.1,8.2
2021/4/6 8:49,394,18.6,38.2,8.2
2021/4/6 8:50,396,18.6,38.1,8.2
2021/4/6 8:51,397,18.6,37.7,8.1
2021/4/6 8:52,403,18.6,37.1,8
2021/4/6 8:53,405,18.6,37.2,8
2021/4/6 8:54,405,18.7,37.6,8.1
2021/4/6 8:55,407,18.6,37.6,8.1
2021/4/6 8:56,417,18.6,37,7.9
2021/4/6 8:57,435,18.6,36.1,7.7
2021/4/6 8:58,439,18.6,35.7,7.6
2021/4/6 8:59,444,18.5,35.5,7.6
2021/4/6 9:00,445,18.5,35.3,7.5
2021/4/6 9:01,446,18.4,35,7.4
2021/4/6 9:02,444,18.4,34.9,7.4
2021/4/6 9:03,440,18.3,34.8,7.3
2021/4/6 9:04,437,18.3,34.5,7.3
2021/4/6 9:05,435,18.3,34.6,7.3
2021/4/6 9:06,435,18.2,34.5,7.2
2021/4/6 9:07,434,18.2,34.3,7.2
2021/4/6 9:08,430,18.2,34.2,7.1
2021/4/6 9:09,427,18.2,34,7.1
2021/4/6 9:10,428,18.2,33.9,7.1
2021/4/6 9:11,428,18.1,34,7.1
2021/4/6 9:12,428,18.1,33.9,7
2021/4/6 9:13,427,18.1,33.9,7
2021/4/6 9:14,426,18.1,33.9,7
2021/4/6 9:15,423,18.1,34,7.1
2021/4/6 9:16,421,18.1,34,7.1
2021/4/6 9:17,419,18.1,33.9,7
2021/4/6 9:18,419,18.1,34,7.1
2021/4/6 9:19,427,18.1,33.9,7
2021/4/6 9:20,431,18.1,33.8,7
2021/4/6 9:21,433,18,33.6,7
2021/4/6 9:22,433,18,33.6,7
2021/4/6 9:23,431,18.1,33.6,7
2021/4/6 9:24,438,18,33.6,6.9
2021/4/6 9:25,436,18.1,33.6,7
2021/4/6 9:26,431,18.1,33.6,7
2021/4/6 9:27,430,18.1,33.4,6.9
2021/4/6 9:28,428,18.1,33.2,6.9
2021/4/6 9:29,429,18.1,33.4,6.9
2021/4/6 9:30,434,18.1,33.2,6.9
2021/4/6 9:31,436,18.1,32.8,6.8
2021/4/6 9:32,430,18,32.8,6.8
2021/4/6 9:33,426,18,32.8,6.8
2021/4/6 9:34,424,18,32.7,6.8
2021/4/6 9:35,421,18,32.5,6.7
2021/4/6 9:36,413,18,32.5,6.7
2021/4/6 9:37,410,18,32.5,6.7
2021/4/6 9:38,408,18,32.6,6.7
2021/4/6 9:39,408,17.9,32.4,6.7
2021/4/6 9:40,408,17.9,32.6,6.7
2021/4/6 9:41,403,17.9,32.5,6.7
2021/4/6 9:42,402,17.9,32.5,6.7
2021/4/6 9:43,404,17.9,32.5,6.6
2021/4/6 9:44,400,17.9,32.5,6.7
2021/4/6 9:45,397,17.9,32.4,6.6
2021/4/6 9:46,397,17.9,32.4,6.6
2021/4/6 9:47,395,17.9,32.4,6.6
2021/4/6 9:48,392,17.9,32.2,6.6
2021/4/6 9:49,390,17.8,32.2,6.6
2021/4/6 9:50,393,17.8,32.2,6.6
2021/4/6 9:51,393,17.8,32.2,6.5
2021/4/6 9:52,389,17.8,32.1,6.5
2021/4/6 9:53,388,17.8,32.2,6.5
2021/4/6 9:54,386,17.8,32.1,6.5
2021/4/6 9:55,384,17.8,32,6.5
2021/4/6 9:56,385,17.7,32,6.5
2021/4/6 9:57,387,17.8,32,6.5
2021/4/6 9:58,390,17.7,32,6.5
2021/4/6 9:59,390,17.7,31.8,6.4
2021/4/6 10:00,388,17.7,31.9,6.5
2021/4/6 10:01,380,17.7,31.8,6.5
2021/4/6 10:02,381,17.8,31.8,6.5
2021/4/6 10:03,385,17.8,31.6,6.4
2021/4/6 10:04,380,17.7,31.5,6.4
2021/4/6 10:05,379,17.8,31.2,6.3
2021/4/6 10:06,380,17.8,31.1,6.3
2021/4/6 10:07,382,17.8,31.1,6.3
2021/4/6 10:08,382,17.8,30.9,6.3
2021/4/6 10:09,383,17.8,30.6,6.3
2021/4/6 10:10,382,17.9,30.4,6.2
2021/4/6 10:11,381,17.9,30.4,6.2
2021/4/6 10:12,380,17.9,30.3,6.2
2021/4/6 10:13,382,17.9,29.9,6.1
2021/4/6 10:14,384,17.9,29.8,6.1
2021/4/6 10:15,389,17.9,29.8,6.1
2021/4/6 10:16,390,17.9,29.6,6.1
2021/4/6 10:17,390,17.9,29.4,6
2021/4/6 10:18,388,17.9,29.5,6
2021/4/6 10:19,384,17.9,29.4,6
2021/4/6 10:20,384,17.9,30,6.2
2021/4/6 10:21,385,17.9,30.5,6.2
2021/4/6 10:22,384,17.8,30.8,6.3
2021/4/6 10:23,384,17.9,31.1,6.4
2021/4/6 10:24,384,17.8,31.3,6.4
2021/4/6 10:25,384,17.8,31.7,6.5
2021/4/6 10:26,384,17.8,31.7,6.5
2021/4/6 10:27,384,17.8,32,6.5
2021/4/6 10:28,385,17.8,32.3,6.6
2021/4/6 10:29,386,17.8,32.4,6.6
2021/4/6 10:30,386,17.8,32.5,6.6
2021/4/6 10:31,389,17.8,32.7,6.7
2021/4/6 10:32,388,17.8,32.8,6.7
2021/4/6 10:33,383,17.9,32.9,6.7
2021/4/6 10:34,386,17.8,32.9,6.7
2021/4/6 10:35,384,17.9,32.8,6.7
2021/4/6 10:36,386,17.9,32.9,6.7
2021/4/6 10:37,384,17.8,32.9,6.7
2021/4/6 10:38,386,17.9,33,6.8
2021/4/6 10:39,387,17.9,33,6.7
2021/4/6 10:40,384,17.9,33.1,6.8
2021/4/6 10:41,386,17.9,33.1,6.8
2021/4/6 10:42,385,17.9,33.1,6.8
2021/4/6 10:43,384,17.9,33.2,6.8
2021/4/6 10:44,387,17.9,33.2,6.8
2021/4/6 10:45,386,17.9,33.2,6.8
2021/4/6 10:46,385,18,33.2,6.8
2021/4/6 10:47,385,18,33.2,6.9
2021/4/6 10:48,385,18,33.2,6.9
2021/4/6 10:49,382,18,33.2,6.9
2021/4/6 10:50,381,18,33.3,6.9
2021/4/6 10:51,381,18,33.3,6.9
2021/4/6 10:52,379,18,33.2,6.9
2021/4/6 10:53,382,18,33.1,6.8
2021/4/6 10:54,382,18,32.9,6.8
2021/4/6 10:55,382,18,32.9,6.8
2021/4/6 10:56,382,18.1,32.8,6.8
2021/4/6 10:57,383,18,32.8,6.8
2021/4/6 10:58,382,18,32.7,6.7
2021/4/6 10:59,384,18,32.5,6.7
2021/4/6 11:00,384,18,32.6,6.7
2021/4/6 11:01,383,18,32.6,6.7
2021/4/6 11:02,388,18,32.6,6.7
2021/4/6 11:03,388,18,32.6,6.7
2021/4/6 11:04,391,18,32.7,6.7
2021/4/6 11:05,390,18,32.7,6.8
2021/4/6 11:06,389,18,32.7,6.8
2021/4/6 11:07,390,18,32.6,6.7
2021/4/6 11:08,389,18,32.5,6.7
2021/4/6 11:09,388,18,32.6,6.7
2021/4/6 11:10,386,18.1,32.6,6.8
2021/4/6 11:11,385,18,32.6,6.7
2021/4/6 11:12,384,18,32.7,6.7
2021/4/6 11:13,385,18,32.7,6.8
2021/4/6 11:14,384,18,32.7,6.8
2021/4/6 11:15,384,18.1,32.8,6.8
2021/4/6 11:16,384,18.1,32.8,6.8
2021/4/6 11:17,386,18.1,32.9,6.8
2021/4/6 11:18,387,18.1,32.9,6.8
2021/4/6 11:19,386,18.1,32.9,6.8
2021/4/6 11:20,387,18.1,33,6.8
2021/4/6 11:21,387,18.1,33,6.8
2021/4/6 11:22,389,18.1,33.2,6.9
2021/4/6 11:23,390,18.1,33.2,6.9
2021/4/6 11:24,386,18.1,33.2,6.9
2021/4/6 11:25,388,18.1,33.2,6.9
2021/4/6 11:26,388,18.1,33.1,6.9
2021/4/6 11:27,385,18.2,33,6.9
2021/4/6 11:28,386,18.1,33,6.9
2021/4/6 11:29,386,18.1,33,6.9
2021/4/6 11:30,385,18.1,32.7,6.8
2021/4/6 11:31,387,18.1,32.6,6.8
2021/4/6 11:32,388,18.1,32.8,6.8
2021/4/6 11:33,387,18.1,32.7,6.8
2021/4/6 11:34,384,18.2,32.6,6.8
2021/4/6 11:35,386,18.1,32.4,6.7
2021/4/6 11:36,387,18.1,32.3,6.7
2021/4/6 11:37,386,18.1,32.2,6.7
2021/4/6 11:38,388,18.1,32.2,6.7
2021/4/6 11:39,388,18.1,32.3,6.7
2021/4/6 11:40,386,18.1,32.4,6.7
2021/4/6 11:41,385,18.2,32.3,6.7
2021/4/6 11:42,388,18.1,32.2,6.7
2021/4/6 11:43,390,18.2,32.1,6.7
2021/4/6 11:44,391,18.2,32,6.7
2021/4/6 11:45,391,18.1,31.8,6.6
2021/4/6 11:46,390,18.2,31.9,6.6
2021/4/6 11:47,389,18.2,31.9,6.6
2021/4/6 11:48,383,18.2,31.8,6.6
2021/4/6 11:49,381,18.2,31.9,6.7
2021/4/6 11:50,383,18.2,31.8,6.6
2021/4/6 11:51,384,18.2,31.8,6.6
2021/4/6 11:52,384,18.2,31.9,6.7
2021/4/6 11:53,386,18.2,31.9,6.7
2021/4/6 11:54,385,18.2,31.9,6.7
2021/4/6 11:55,384,18.2,32,6.7
2021/4/6 11:56,384,18.2,32,6.7
2021/4/6 11:57,384,18.2,32.1,6.7
2021/4/6 11:58,385,18.2,32,6.7
2021/4/6 11:59,383,18.1,32.1,6.7
2021/4/6 12:00,381,18.1,32.2,6.7
2021/4/6 12:01,381,18.1,32.3,6.7
2021/4/6 12:02,381,18.2,32.3,6.7
2021/4/6 12:03,386,18.2,32.4,6.8
2021/4/6 12:04,386,18.2,32.4,6.8
2021/4/6 12:05,386,18.2,32.4,6.8
2021/4/6 12:06,387,18.3,32.6,6.8
2021/4/6 12:07,384,18.3,32.6,6.9
2021/4/6 12:08,387,18.3,32.6,6.9
2021/4/6 12:09,385,18.4,32.6,6.9
2021/4/6 12:10,385,18.4,32.7,6.9
2021/4/6 12:11,386,18.4,32.7,6.9
2021/4/6 12:12,389,18.5,32.8,7
2021/4/6 12:13,390,18.5,33,7
2021/4/6 12:14,391,18.5,33.1,7
2021/4/6 12:15,395,18.5,33.2,7.1
2021/4/6 12:16,393,18.5,33.3,7.1
2021/4/6 12:17,390,18.5,33.2,7.1
2021/4/6 12:18,391,18.6,33.2,7.1
2021/4/6 12:19,391,18.6,33.2,7.1
2021/4/6 12:20,387,18.6,33.3,7.2
2021/4/6 12:21,387,18.7,33.3,7.2
2021/4/6 12:22,387,18.7,33.3,7.2
2021/4/6 12:23,387,18.7,33.3,7.2
2021/4/6 12:24,390,18.7,33.3,7.2
2021/4/6 12:25,389,18.8,33.4,7.2
2021/4/6 12:26,388,18.8,33.4,7.2
2021/4/6 12:27,387,18.8,33.4,7.2
2021/4/6 12:28,385,18.8,33.3,7.2
2021/4/6 12:29,387,18.8,33.4,7.2
2021/4/6 12:30,386,18.8,33.3,7.2
2021/4/6 12:31,386,18.8,33.3,7.2
2021/4/6 12:32,385,18.8,33.3,7.3
2021/4/6 12:33,384,18.9,33.4,7.3
2021/4/6 12:34,385,18.9,33.4,7.3
2021/4/6 12:35,384,18.9,33.4,7.3
2021/4/6 12:36,384,18.9,33.5,7.3
2021/4/6 12:37,384,19,33.5,7.3
2021/4/6 12:38,386,19,33.5,7.4
2021/4/6 12:39,387,19,33.5,7.4
2021/4/6 12:40,386,19,33.5,7.4
2021/4/6 12:41,389,19,33.6,7.4
2021/4/6 12:42,389,19,33.6,7.4
2021/4/6 12:43,389,19,33.5,7.4
2021/4/6 12:44,389,19.1,33.6,7.4
2021/4/6 12:45,389,19.1,33.6,7.4
2021/4/6 12:46,390,19.1,33.7,7.4
2021/4/6 12:47,387,19.1,33.6,7.4
2021/4/6 12:48,387,19.1,33.7,7.5
2021/4/6 12:49,390,19.1,33.9,7.5
2021/4/6 12:50,395,19.1,33.7,7.5
2021/4/6 12:51,397,19.2,33.8,7.5
2021/4/6 12:52,403,19.2,33.8,7.5
2021/4/6 12:53,405,19.2,33.8,7.5
2021/4/6 12:54,409,19.2,33.8,7.5
2021/4/6 12:55,412,19.2,33.8,7.5
2021/4/6 12:56,418,19.2,34,7.6
2021/4/6 12:57,432,19.3,34.1,7.6
2021/4/6 12:58,446,19.3,34.2,7.6
2021/4/6 12:59,452,19.3,34.3,7.7
2021/4/6 13:00,509,19.3,34.7,7.8
2021/4/6 13:01,524,19.3,35,7.8
2021/4/6 13:02,537,19.3,35.1,7.9
2021/4/6 13:03,548,19.4,35.4,8
2021/4/6 13:04,616,19.4,35.7,8
2021/4/6 13:05,618,19.4,36,8.1
2021/4/6 13:06,675,19.4,36.2,8.2
2021/4/6 13:07,684,19.4,36.4,8.2
2021/4/6 13:08,693,19.5,36.6,8.3
2021/4/6 13:09,697,19.5,36.6,8.3
2021/4/6 13:10,700,19.6,36.7,8.3
2021/4/6 13:11,701,19.6,36.8,8.4
2021/4/6 13:12,704,19.6,36.8,8.4
2021/4/6 13:13,696,19.6,36.9,8.4
2021/4/6 13:14,702,19.6,37.2,8.5
2021/4/6 13:15,709,19.6,37.1,8.5
2021/4/6 13:16,711,19.7,37.3,8.5
2021/4/6 13:17,709,19.7,37,8.5
2021/4/6 13:18,705,19.7,37,8.5
2021/4/6 13:19,707,19.7,37.4,8.6
2021/4/6 13:20,722,19.7,37.5,8.6
2021/4/6 13:21,731,19.7,37.5,8.6
2021/4/6 13:22,735,19.8,37.6,8.7
2021/4/6 13:23,739,19.8,37.6,8.7
2021/4/6 13:24,745,19.8,37.7,8.7
2021/4/6 13:25,763,19.8,37.7,8.7
2021/4/6 13:26,765,19.8,37.7,8.7
2021/4/6 13:27,763,19.8,37.8,8.7
2021/4/6 13:28,772,19.8,38,8.8
2021/4/6 13:29,777,19.8,37.8,8.8
2021/4/6 13:30,776,19.9,37.9,8.8
2021/4/6 13:31,782,19.8,38.1,8.8
2021/4/6 13:32,796,19.9,38.2,8.9
2021/4/6 13:33,822,19.9,38.2,8.9
2021/4/6 13:34,817,19.9,38.2,8.9
2021/4/6 13:35,816,19.9,38.2,8.9
2021/4/6 13:36,812,19.9,38.3,8.9
2021/4/6 13:37,809,19.9,38.3,8.9
2021/4/6 13:38,812,19.9,38.4,8.9
2021/4/6 13:39,815,19.9,38.4,8.9
2021/4/6 13:40,818,20,38.4,9
2021/4/6 13:41,814,20,38.4,8.9
2021/4/6 13:42,811,20,38.4,8.9
2021/4/6 13:43,808,20,38.5,9
2021/4/6 13:44,811,20,38.4,9
2021/4/6 13:45,811,20,38.3,9
2021/4/6 13:46,809,20,38.5,9
2021/4/6 13:47,811,20,38.6,9
2021/4/6 13:48,823,20,38.7,9
2021/4/6 13:49,829,20,38.7,9.1
2021/4/6 13:50,835,20,38.7,9.1
2021/4/6 13:51,838,20,38.9,9.1
2021/4/6 13:52,850,20.1,38.9,9.1
2021/4/6 13:53,860,20,39,9.1
2021/4/6 13:54,874,20.1,38.9,9.1
2021/4/6 13:55,862,20.1,38.7,9.1
2021/4/6 13:56,847,20.1,38.8,9.1
2021/4/6 13:57,862,20.1,38.9,9.1
2021/4/6 13:58,862,20.1,38.9,9.1
2021/4/6 13:59,856,20.1,39,9.2
2021/4/6 14:00,864,20.1,39,9.2
2021/4/6 14:01,872,20.1,39.1,9.2
2021/4/6 14:02,880,20.1,39,9.2
2021/4/6 14:03,855,20.1,38.6,9.1
2021/4/6 14:04,792,20.1,38.6,9.1
2021/4/6 14:05,786,20.1,38.5,9.1
2021/4/6 14:06,781,20.1,38.4,9
2021/4/6 14:07,764,20.1,38.3,9
2021/4/6 14:08,755,20.1,38.2,9
2021/4/6 14:09,751,20.1,38.3,9
2021/4/6 14:10,748,20.1,38.2,9
2021/4/6 14:11,749,20.1,38.3,9
2021/4/6 14:12,755,20,38.3,9
2021/4/6 14:13,755,20,38.3,9
2021/4/6 14:14,751,20,38.3,9
2021/4/6 14:15,752,20,38.4,9
2021/4/6 14:16,758,20,38.5,9
2021/4/6 14:17,756,20,38.4,9
2021/4/6 14:18,754,20,38.3,8.9
2021/4/6 14:19,751,19.9,38.4,8.9
2021/4/6 14:20,749,20,38.4,9
2021/4/6 14:21,758,19.9,38.4,8.9
2021/4/6 14:22,760,19.9,38.4,8.9
2021/4/6 14:23,761,19.9,38.4,8.9
2021/4/6 14:24,760,19.9,38.4,8.9
2021/4/6 14:25,759,19.9,38.5,8.9
2021/4/6 14:26,747,19.9,38.4,8.9
2021/4/6 14:27,742,19.9,38.4,8.9
2021/4/6 14:28,742,19.9,38.4,8.9
2021/4/6 14:29,741,19.9,38.4,8.9
2021/4/6 14:30,732,19.9,38.3,8.9
2021/4/6 14:31,729,19.9,38.4,8.9
2021/4/6 14:32,718,19.9,38.4,8.9
2021/4/6 14:33,711,19.9,38.4,8.9
2021/4/6 14:34,711,19.9,38.4,8.9
2021/4/6 14:35,709,19.9,38.4,8.9
2021/4/6 14:36,708,19.9,38.4,8.9
2021/4/6 14:37,698,19.8,38.5,8.9
2021/4/6 14:38,701,19.8,38.4,8.9
2021/4/6 14:39,697,19.8,38.4,8.9
2021/4/6 14:40,690,19.8,38.5,8.9
2021/4/6 14:41,683,19.8,38.5,8.9
2021/4/6 14:42,679,19.8,38.4,8.9
2021/4/6 14:43,676,19.8,38.4,8.9
2021/4/6 14:44,674,19.8,38.5,8.9
2021/4/6 14:45,672,19.8,38.5,8.9
2021/4/6 14:46,668,19.8,38.6,8.9
2021/4/6 14:47,664,19.8,38.5,8.9
2021/4/6 14:48,663,19.8,38.5,8.9
2021/4/6 14:49,659,19.8,38.6,8.9
2021/4/6 14:50,659,19.8,38.6,8.9
2021/4/6 14:51,655,19.8,38.6,8.9
2021/4/6 14:52,652,19.8,38.6,8.9
2021/4/6 14:53,649,19.8,38.6,8.9
2021/4/6 14:54,646,19.8,38.7,8.9
2021/4/6 14:55,646,19.8,38.6,8.9
2021/4/6 14:56,643,19.8,38.7,8.9
2021/4/6 14:57,643,19.8,38.7,8.9
2021/4/6 14:58,641,19.8,38.8,8.9
2021/4/6 14:59,636,19.8,38.7,8.9
2021/4/6 15:00,637,19.7,38.8,8.9
2021/4/6 15:01,636,19.7,38.8,8.9
2021/4/6 15:02,634,19.7,38.8,8.9
2021/4/6 15:03,633,19.7,38.8,8.9
2021/4/6 15:04,631,19.7,38.9,8.9
2021/4/6 15:05,631,19.7,38.9,8.9
2021/4/6 15:06,630,19.8,38.9,9
2021/4/6 15:07,621,19.7,38.9,8.9
2021/4/6 15:08,617,19.7,39,9
2021/4/6 15:09,618,19.7,38.9,8.9
2021/4/6 15:10,618,19.7,39,8.9
2021/4/6 15:11,607,19.7,39,9
2021/4/6 15:12,607,19.7,39.1,9
2021/4/6 15:13,610,19.7,39.3,9
2021/4/6 15:14,609,19.7,39.3,9
2021/4/6 15:15,609,19.7,39.2,9
2021/4/6 15:16,611,19.8,39.3,9
2021/4/6 15:17,616,19.8,39.3,9
2021/4/6 15:18,617,19.8,39.3,9
2021/4/6 15:19,616,19.7,39.4,9.1
2021/4/6 15:20,627,19.8,39.3,9.1
2021/4/6 15:21,623,19.8,39.3,9.1
2021/4/6 15:22,619,19.8,39.4,9.1
2021/4/6 15:23,622,19.8,39.4,9.1
2021/4/6 15:24,617,19.8,39.4,9.1
2021/4/6 15:25,614,19.8,39.4,9.1
2021/4/6 15:26,610,19.8,39.6,9.1
2021/4/6 15:27,613,19.8,39.6,9.1
2021/4/6 15:28,615,19.8,39.6,9.1
2021/4/6 15:29,614,19.8,39.5,9.1
2021/4/6 15:30,615,19.8,39.7,9.2
2021/4/6 15:31,620,19.8,39.6,9.1
2021/4/6 15:32,622,19.8,39.7,9.2
2021/4/6 15:33,625,19.8,39.6,9.1
2021/4/6 15:34,623,19.8,39.6,9.1
2021/4/6 15:35,620,19.8,39.6,9.2
2021/4/6 15:36,617,19.8,39.6,9.2
2021/4/6 15:37,617,19.8,39.6,9.1
2021/4/6 15:38,612,19.8,39.6,9.2
2021/4/6 15:39,606,19.8,39.6,9.1
2021/4/6 15:40,602,19.8,39.6,9.2
2021/4/6 15:41,602,19.8,39.6,9.2
2021/4/6 15:42,601,19.8,39.6,9.2
2021/4/6 15:43,600,19.9,39.8,9.2
2021/4/6 15:44,598,19.8,39.7,9.2
2021/4/6 15:45,595,19.8,39.7,9.2
2021/4/6 15:46,596,19.9,39.7,9.2
2021/4/6 15:47,595,19.8,39.8,9.2
2021/4/6 15:48,592,19.9,39.7,9.2
2021/4/6 15:49,590,19.8,39.8,9.2
2021/4/6 15:50,592,19.8,39.8,9.2
2021/4/6 15:51,589,19.9,39.8,9.2
2021/4/6 15:52,591,19.8,39.8,9.2
2021/4/6 15:53,589,19.8,39.8,9.2
2021/4/6 15:54,591,19.9,39.9,9.2
2021/4/6 15:55,589,19.9,39.8,9.2
2021/4/6 15:56,587,19.8,39.9,9.2
2021/4/6 15:57,588,19.8,39.8,9.2
2021/4/6 15:58,582,19.8,39.9,9.2
2021/4/6 15:59,581,19.8,39.9,9.2
2021/4/6 16:00,579,19.8,39.9,9.2
2021/4/6 16:01,576,19.9,39.9,9.3
2021/4/6 16:02,577,19.8,40,9.3
2021/4/6 16:03,575,19.8,40,9.3
2021/4/6 16:04,572,19.9,40,9.3
2021/4/6 16:05,573,19.8,40,9.3
2021/4/6 16:06,574,19.9,40,9.3
2021/4/6 16:07,572,19.8,40,9.2
2021/4/6 16:08,572,19.9,40,9.3
2021/4/6 16:09,571,19.8,40,9.3
2021/4/6 16:10,571,19.8,40,9.3
2021/4/6 16:11,569,19.8,40,9.3
2021/4/6 16:12,564,19.8,40.1,9.3
2021/4/6 16:13,561,19.8,40.1,9.3
2021/4/6 16:14,560,19.8,40.1,9.3
2021/4/6 16:15,560,19.9,40.1,9.3
2021/4/6 16:16,557,19.8,40.1,9.3
2021/4/6 16:17,555,19.8,40.1,9.3
2021/4/6 16:18,557,19.8,40.2,9.3
2021/4/6 16:19,554,19.8,40.2,9.3
2021/4/6 16:20,554,19.8,40.2,9.3
2021/4/6 16:21,552,19.9,40.1,9.3
2021/4/6 16:22,552,19.8,40.2,9.3
2021/4/6 16:23,552,19.8,40.3,9.3
2021/4/6 16:24,551,19.8,40.2,9.3
2021/4/6 16:25,548,19.8,40.2,9.3
2021/4/6 16:26,547,19.8,40.3,9.3
2021/4/6 16:27,551,19.8,40.3,9.3
2021/4/6 16:28,555,19.8,40.3,9.3
2021/4/6 16:29,552,19.8,40.3,9.3
2021/4/6 16:30,549,19.8,40.3,9.3
2021/4/6 16:31,551,19.8,40.3,9.3
2021/4/6 16:32,548,19.8,40.3,9.3
2021/4/6 16:33,547,19.8,40.4,9.3
2021/4/6 16:34,542,19.8,40.4,9.4
2021/4/6 16:35,538,19.8,40.4,9.4
2021/4/6 16:36,544,19.9,40.5,9.4
2021/4/6 16:37,539,19.9,40.4,9.4
2021/4/6 16:38,539,19.8,40.5,9.4
2021/4/6 16:39,536,19.8,40.5,9.3
2021/4/6 16:40,536,19.8,40.5,9.4
2021/4/6 16:41,537,19.8,40.5,9.4
2021/4/6 16:42,533,19.8,40.5,9.4
2021/4/6 16:43,535,19.8,40.7,9.4
2021/4/6 16:44,538,19.8,40.6,9.4
2021/4/6 16:45,535,19.8,40.6,9.4
2021/4/6 16:46,534,19.8,40.5,9.4
2021/4/6 16:47,530,19.8,40.6,9.4
2021/4/6 16:48,529,19.8,40.6,9.4
2021/4/6 16:49,528,19.8,40.6,9.4
2021/4/6 16:50,524,19.8,40.6,9.4
2021/4/6 16:51,523,19.8,40.6,9.4
2021/4/6 16:52,521,19.8,40.7,9.4
2021/4/6 16:53,516,19.8,40.7,9.4
2021/4/6 16:54,513,19.8,40.8,9.4
2021/4/6 16:55,512,19.8,40.8,9.4
2021/4/6 16:56,511,19.8,40.8,9.4
2021/4/6 16:57,508,19.8,40.8,9.4
2021/4/6 16:58,508,19.8,40.8,9.4
2021/4/6 16:59,501,19.8,40.8,9.4
2021/4/6 17:00,501,19.8,40.9,9.4
2021/4/6 17:01,499,19.7,40.9,9.4
2021/4/6 17:02,496,19.8,41,9.4
2021/4/6 17:03,496,19.7,40.9,9.4
2021/4/6 17:04,493,19.7,40.9,9.4
2021/4/6 17:05,492,19.7,41,9.4
2021/4/6 17:06,490,19.7,41,9.4
2021/4/6 17:07,493,19.7,41,9.4
2021/4/6 17:08,489,19.7,41,9.4
2021/4/6 17:09,492,19.7,41.1,9.4
2021/4/6 17:10,493,19.7,41,9.4
2021/4/6 17:11,491,19.7,41.1,9.4
2021/4/6 17:12,490,19.7,41.1,9.4
2021/4/6 17:13,489,19.7,41.1,9.4
2021/4/6 17:14,489,19.7,41.1,9.4
2021/4/6 17:15,486,19.6,41.1,9.4
2021/4/6 17:16,486,19.6,41.2,9.4
2021/4/6 17:17,486,19.6,41.2,9.4
2021/4/6 17:18,487,19.6,41.2,9.4
2021/4/6 17:19,486,19.6,41.2,9.4
2021/4/6 17:20,484,19.6,41.2,9.4
2021/4/6 17:21,485,19.6,41.2,9.4
2021/4/6 17:22,485,19.6,41.2,9.4
2021/4/6 17:23,483,19.6,41.2,9.4
2021/4/6 17:24,481,19.6,41.3,9.4
2021/4/6 17:25,477,19.6,41.2,9.4
2021/4/6 17:26,476,19.6,41.3,9.4
2021/4/6 17:27,477,19.6,41.2,9.4
2021/4/6 17:28,476,19.6,41.3,9.4
2021/4/6 17:29,475,19.6,41.3,9.4
2021/4/6 17:30,472,19.6,41.3,9.4
2021/4/6 17:31,473,19.6,41.3,9.4
2021/4/6 17:32,469,19.6,41.3,9.4
2021/4/6 17:33,470,19.6,41.3,9.4
2021/4/6 17:34,473,19.6,41.3,9.4
2021/4/6 17:35,472,19.6,41.3,9.4
2021/4/6 17:36,473,19.6,41.4,9.4
2021/4/6 17:37,471,19.6,41.3,9.4
2021/4/6 17:38,470,19.6,41.3,9.4
2021/4/6 17:39,470,19.5,41.4,9.4
2021/4/6 17:40,469,19.6,41.4,9.4
2021/4/6 17:41,471,19.5,41.4,9.4
2021/4/6 17:42,469,19.6,41.4,9.4
2021/4/6 17:43,475,19.5,41.3,9.4
2021/4/6 17:44,473,19.5,41.4,9.4
2021/4/6 17:45,474,19.5,41.4,9.4
2021/4/6 17:46,472,19.5,41.4,9.4
2021/4/6 17:47,469,19.5,41.4,9.4
2021/4/6 17:48,468,19.5,41.4,9.4
2021/4/6 17:49,471,19.5,41.4,9.4
2021/4/6 17:50,468,19.5,41.4,9.4
2021/4/6 17:51,467,19.5,41.4,9.4
2021/4/6 17:52,464,19.5,41.4,9.4
2021/4/6 17:53,465,19.5,41.4,9.4
2021/4/6 17:54,467,19.5,41.4,9.4
2021/4/6 17:55,468,19.5,41.4,9.4
2021/4/6 17:56,468,19.5,41.4,9.4
2021/4/6 17:57,469,19.5,41.4,9.4
2021/4/6 17:58,467,19.5,41.4,9.4
2021/4/6 17:59,469,19.5,41.4,9.4
2021/4/6 18:00,467,19.5,41.4,9.4
2021/4/6 18:01,467,19.5,41.4,9.4
2021/4/6 18:02,467,19.5,41.5,9.4
2021/4/6 18:03,468,19.5,41.4,9.4
2021/4/6 18:04,468,19.5,41.4,9.4
2021/4/6 18:05,468,19.5,41.4,9.4
2021/4/6 18:06,469,19.5,41.5,9.4
2021/4/6 18:07,466,19.5,41.4,9.4
2021/4/6 18:08,465,19.5,41.4,9.4
2021/4/6 18:09,465,19.4,41.4,9.4
2021/4/6 18:10,466,19.5,41.4,9.4
2021/4/6 18:11,469,19.5,41.5,9.4
2021/4/6 18:12,469,19.5,41.5,9.4
2021/4/6 18:13,465,19.5,41.4,9.4
2021/4/6 18:14,463,19.5,41.4,9.4
2021/4/6 18:15,463,19.4,41.5,9.4
2021/4/6 18:16,466,19.5,41.5,9.4
2021/4/6 18:17,466,19.4,41.5,9.4
2021/4/6 18:18,466,19.5,41.5,9.4
2021/4/6 18:19,465,19.5,41.5,9.4
2021/4/6 18:20,466,19.4,41.6,9.4
2021/4/6 18:21,466,19.4,41.6,9.4
2021/4/6 18:22,466,19.4,41.6,9.4
2021/4/6 18:23,468,19.4,41.6,9.4
2021/4/6 18:24,467,19.4,41.6,9.4
2021/4/6 18:25,469,19.4,41.6,9.4
2021/4/6 18:26,468,19.4,41.5,9.4
2021/4/6 18:27,467,19.4,41.6,9.4
2021/4/6 18:28,466,19.4,41.6,9.4
2021/4/6 18:29,464,19.4,41.6,9.4
2021/4/6 18:30,461,19.4,41.6,9.4
2021/4/6 18:31,461,19.4,41.6,9.4
2021/4/6 18:32,459,19.4,41.6,9.4
2021/4/6 18:33,455,19.4,41.7,9.4
2021/4/6 18:34,456,19.4,41.7,9.4
2021/4/6 18:35,453,19.4,41.7,9.4
2021/4/6 18:36,454,19.4,41.6,9.4
2021/4/6 18:37,457,19.4,41.6,9.4
2021/4/6 18:38,461,19.4,41.6,9.4
2021/4/6 18:39,460,19.4,41.7,9.4
2021/4/6 18:40,460,19.4,41.7,9.4
2021/4/6 18:41,460,19.4,41.7,9.4
2021/4/6 18:42,459,19.4,41.7,9.4
2021/4/6 18:43,457,19.4,41.7,9.4
2021/4/6 18:44,456,19.4,41.6,9.3
2021/4/6 18:45,454,19.4,41.7,9.4
2021/4/6 18:46,452,19.4,41.7,9.4
2021/4/6 18:47,453,19.3,41.7,9.3
2021/4/6 18:48,454,19.4,41.7,9.4
2021/4/6 18:49,456,19.4,41.7,9.4
2021/4/6 18:50,457,19.3,41.7,9.3
2021/4/6 18:51,458,19.3,41.7,9.3
2021/4/6 18:52,458,19.3,41.7,9.3
2021/4/6 18:53,457,19.3,41.7,9.4
2021/4/6 18:54,456,19.4,41.7,9.4
2021/4/6 18:55,453,19.4,41.7,9.4
2021/4/6 18:56,451,19.3,41.7,9.3
2021/4/6 18:57,453,19.3,41.7,9.3
2021/4/6 18:58,451,19.3,41.7,9.3
2021/4/6 18:59,450,19.3,41.7,9.3
2021/4/6 19:00,449,19.3,41.8,9.4
2021/4/6 19:01,448,19.3,41.8,9.4
2021/4/6 19:02,450,19.3,41.8,9.4
2021/4/6 19:03,449,19.3,41.8,9.4
2021/4/6 19:04,451,19.3,41.8,9.4
2021/4/6 19:05,451,19.3,41.8,9.4
2021/4/6 19:06,452,19.3,41.8,9.4
2021/4/6 19:07,451,19.3,41.8,9.4
2021/4/6 19:08,452,19.3,41.8,9.4
2021/4/6 19:09,452,19.3,41.8,9.4
2021/4/6 19:10,452,19.3,41.8,9.4
2021/4/6 19:11,449,19.3,41.8,9.4
2021/4/6 19:12,452,19.3,41.9,9.4
2021/4/6 19:13,453,19.3,41.9,9.4
2021/4/6 19:14,450,19.3,41.8,9.4
2021/4/6 19:15,449,19.3,41.9,9.4
2021/4/6 19:16,454,19.3,41.9,9.4
2021/4/6 19:17,452,19.3,41.9,9.4
2021/4/6 19:18,453,19.3,41.9,9.4
2021/4/6 19:19,454,19.3,41.9,9.4
2021/4/6 19:20,452,19.3,41.9,9.4
2021/4/6 19:21,451,19.3,41.9,9.4
2021/4/6 19:22,450,19.3,42,9.4
2021/4/6 19:23,450,19.3,42,9.4
2021/4/6 19:24,449,19.3,42,9.4
2021/4/6 19:25,449,19.3,42,9.4
2021/4/6 19:26,449,19.3,41.9,9.4
2021/4/6 19:27,446,19.3,41.9,9.4
2021/4/6 19:28,443,19.3,42,9.4
2021/4/6 19:29,442,19.3,42,9.4
2021/4/6 19:30,444,19.2,42,9.4
2021/4/6 19:31,441,19.3,42,9.4
2021/4/6 19:32,442,19.3,42,9.4
2021/4/6 19:33,440,19.3,42,9.4
2021/4/6 19:34,439,19.3,42,9.4
2021/4/6 19:35,442,19.3,42.1,9.4
2021/4/6 19:36,441,19.3,42,9.4
2021/4/6 19:37,444,19.3,42.1,9.4
2021/4/6 19:38,444,19.3,42,9.4
2021/4/6 19:39,444,19.3,42,9.4
2021/4/6 19:40,446,19.2,42.1,9.4
2021/4/6 19:41,445,19.3,42,9.4
2021/4/6 19:42,443,19.3,42,9.4
2021/4/6 19:43,444,19.2,42,9.4
2021/4/6 19:44,442,19.2,42.1,9.4
2021/4/6 19:45,441,19.2,42.1,9.4
2021/4/6 19:46,442,19.2,42.1,9.4
2021/4/6 19:47,441,19.2,42.1,9.4
2021/4/6 19:48,442,19.2,42.1,9.4
2021/4/6 19:49,442,19.2,42.1,9.4
2021/4/6 19:50,443,19.2,42.1,9.4
2021/4/6 19:51,442,19.2,42.1,9.4
2021/4/6 19:52,443,19.2,42.1,9.4
2021/4/6 19:53,444,19.2,42.1,9.4
2021/4/6 19:54,443,19.2,42.1,9.4
2021/4/6 19:55,439,19.2,42.1,9.4
2021/4/6 19:56,441,19.2,42.1,9.4
2021/4/6 19:57,442,19.2,42.1,9.4
2021/4/6 19:58,439,19.2,42.1,9.4
2021/4/6 19:59,440,19.2,42.1,9.4
2021/4/6 20:00,440,19.2,42.1,9.4
2021/4/6 20:01,440,19.2,42.1,9.4
2021/4/6 20:02,438,19.2,42.1,9.4
2021/4/6 20:03,439,19.2,42.1,9.4
2021/4/6 20:04,440,19.2,42.2,9.4
2021/4/6 20:05,439,19.2,42.1,9.4
2021/4/6 20:06,439,19.2,42.2,9.4
2021/4/6 20:07,437,19.2,42.2,9.4
2021/4/6 20:08,440,19.2,42.2,9.4
2021/4/6 20:09,439,19.2,42.1,9.4
2021/4/6 20:10,441,19.2,42.2,9.4
2021/4/6 20:11,439,19.2,42.2,9.4
2021/4/6 20:12,442,19.2,42.2,9.4
2021/4/6 20:13,444,19.2,42.2,9.4
2021/4/6 20:14,445,19.1,42.2,9.4
2021/4/6 20:15,444,19.2,42.2,9.4
2021/4/6 20:16,447,19.2,42.2,9.4
2021/4/6 20:17,445,19.2,42.2,9.4
2021/4/6 20:18,446,19.2,42.2,9.4
2021/4/6 20:19,444,19.2,42.2,9.4
2021/4/6 20:20,443,19.1,42.2,9.3
2021/4/6 20:21,446,19.2,42.3,9.4
2021/4/6 20:22,445,19.2,42.3,9.4
2021/4/6 20:23,446,19.2,42.3,9.4
2021/4/6 20:24,441,19.2,42.3,9.4
2021/4/6 20:25,437,19.2,42.3,9.4
2021/4/6 20:26,436,19.2,42.3,9.4
2021/4/6 20:27,436,19.2,42.3,9.4
2021/4/6 20:28,437,19.2,42.3,9.4
2021/4/6 20:29,438,19.1,42.3,9.4
2021/4/6 20:30,436,19.2,42.2,9.4
2021/4/6 20:31,435,19.1,42.3,9.4
2021/4/6 20:32,436,19.2,42.2,9.4
2021/4/6 20:33,437,19.1,42.3,9.4
2021/4/6 20:34,437,19.2,42.3,9.4
2021/4/6 20:35,438,19.2,42.2,9.4
2021/4/6 20:36,437,19.2,42.2,9.4
2021/4/6 20:37,436,19.1,42.3,9.4
2021/4/6 20:38,437,19.2,42.2,9.4
2021/4/6 20:39,436,19.2,42.3,9.4
2021/4/6 20:40,437,19.1,42.3,9.4
2021/4/6 20:41,437,19.2,42.3,9.4
2021/4/6 20:42,437,19.1,42.3,9.4
2021/4/6 20:43,438,19.2,42.2,9.4
2021/4/6 20:44,436,19.1,42.3,9.4
2021/4/6 20:45,436,19.1,42.2,9.4
2021/4/6 20:46,438,19.1,42.3,9.4
2021/4/6 20:47,436,19.1,42.3,9.4
2021/4/6 20:48,436,19.1,42.3,9.3
2021/4/6 20:49,435,19.1,42.3,9.4
2021/4/6 20:50,433,19.1,42.3,9.4
2021/4/6 20:51,429,19.1,42.3,9.4
2021/4/6 20:52,430,19.1,42.4,9.4
2021/4/6 20:53,434,19.1,42.3,9.4
2021/4/6 20:54,434,19.1,42.3,9.4
2021/4/6 20:55,434,19.1,42.3,9.4
2021/4/6 20:56,433,19.1,42.3,9.4
2021/4/6 20:57,432,19.1,42.3,9.4
2021/4/6 20:58,434,19.1,42.3,9.4
2021/4/6 20:59,434,19.1,42.3,9.4
2021/4/6 21:00,433,19.1,42.4,9.4
2021/4/6 21:01,430,19.1,42.3,9.4
2021/4/6 21:02,432,19.1,42.3,9.4
2021/4/6 21:03,434,19.1,42.4,9.4
2021/4/6 21:04,433,19.1,42.3,9.4
2021/4/6 21:05,434,19.1,42.3,9.4
2021/4/6 21:06,435,19.1,42.4,9.3
2021/4/6 21:07,435,19.1,42.4,9.4
2021/4/6 21:08,433,19.1,42.4,9.4
2021/4/6 21:09,433,19.1,42.3,9.4
2021/4/6 21:10,433,19.1,42.4,9.4
2021/4/6 21:11,431,19.1,42.5,9.4
2021/4/6 21:12,431,19.1,42.5,9.4
2021/4/6 21:13,431,19.1,42.4,9.4
2021/4/6 21:14,430,19.1,42.4,9.4
2021/4/6 21:15,432,19.1,42.4,9.4
2021/4/6 21:16,433,19.1,42.5,9.4
2021/4/6 21:17,433,19.1,42.4,9.4
2021/4/6 21:18,435,19.1,42.4,9.3
2021/4/6 21:19,432,19.1,42.5,9.4
2021/4/6 21:20,431,19.1,42.5,9.4
2021/4/6 21:21,430,19.1,42.5,9.4
2021/4/6 21:22,429,19.1,42.5,9.4
2021/4/6 21:23,427,19.1,42.5,9.4
2021/4/6 21:24,426,19.1,42.5,9.4
2021/4/6 21:25,425,19.1,42.5,9.4
2021/4/6 21:26,425,19.1,42.5,9.4
2021/4/6 21:27,428,19.1,42.6,9.4
2021/4/6 21:28,429,19,42.6,9.4
2021/4/6 21:29,429,19.1,42.6,9.4
2021/4/6 21:30,430,19.1,42.6,9.4
2021/4/6 21:31,426,19.1,42.6,9.4
2021/4/6 21:32,427,19.1,42.7,9.4
2021/4/6 21:33,427,19.1,42.7,9.4
2021/4/6 21:34,429,19,42.6,9.4
2021/4/6 21:35,425,19.1,42.6,9.4
2021/4/6 21:36,426,19,42.7,9.4
2021/4/6 21:37,427,19,42.7,9.4
2021/4/6 21:38,428,19.1,42.8,9.4
2021/4/6 21:39,427,19,42.7,9.4
2021/4/6 21:40,428,19.1,42.8,9.4
2021/4/6 21:41,429,19,42.7,9.4
2021/4/6 21:42,427,19,42.7,9.4
2021/4/6 21:43,427,19,42.8,9.4
2021/4/6 21:44,426,19,42.8,9.4
2021/4/6 21:45,427,19.1,42.8,9.4
2021/4/6 21:46,429,19,42.8,9.4
2021/4/6 21:47,428,19,42.8,9.4
2021/4/6 21:48,428,19,42.8,9.4
2021/4/6 21:49,426,19,42.8,9.4
2021/4/6 21:50,426,19,42.8,9.4
2021/4/6 21:51,424,19,42.8,9.4
2021/4/6 21:52,423,19,42.8,9.4
2021/4/6 21:53,424,19,42.8,9.4
2021/4/6 21:54,424,19,42.8,9.4
2021/4/6 21:55,426,19,42.9,9.4
2021/4/6 21:56,423,19,42.8,9.4
2021/4/6 21:57,424,19,42.9,9.4
2021/4/6 21:58,424,19,42.9,9.4
2021/4/6 21:59,424,19,42.9,9.4
2021/4/6 22:00,421,19,42.9,9.4
2021/4/6 22:01,423,19,42.9,9.4
2021/4/6 22:02,419,19,42.9,9.4
2021/4/6 22:03,416,19,42.9,9.4
2021/4/6 22:04,418,19,42.9,9.4
2021/4/6 22:05,417,19,42.9,9.4
2021/4/6 22:06,419,19,42.9,9.4
2021/4/6 22:07,418,19,42.9,9.4
2021/4/6 22:08,414,19,42.9,9.4
2021/4/6 22:09,413,19,42.9,9.4
2021/4/6 22:10,417,19,43,9.4
2021/4/6 22:11,417,19,42.9,9.4
2021/4/6 22:12,416,19,43,9.4
2021/4/6 22:13,415,19,43,9.4
2021/4/6 22:14,415,19,43,9.4
2021/4/6 22:15,414,18.9,43,9.4
2021/4/6 22:16,413,19,43,9.4
2021/4/6 22:17,414,18.9,43,9.4
2021/4/6 22:18,415,19,43,9.4
2021/4/6 22:19,416,19,43,9.4
2021/4/6 22:20,418,19,42.9,9.4
2021/4/6 22:21,417,19,43,9.4
2021/4/6 22:22,419,19,43,9.4
2021/4/6 22:23,418,19,43,9.4
2021/4/6 22:24,416,19,43.1,9.4
2021/4/6 22:25,416,19,43.1,9.4
2021/4/6 22:26,416,19,43,9.4
2021/4/6 22:27,415,18.9,43,9.4
2021/4/6 22:28,418,18.9,43.1,9.4
2021/4/6 22:29,418,19,43.1,9.4
2021/4/6 22:30,418,18.9,43.1,9.4
2021/4/6 22:31,417,18.9,43,9.4
2021/4/6 22:32,417,18.9,43,9.4
2021/4/6 22:33,417,18.9,43.1,9.4
2021/4/6 22:34,420,18.9,43.1,9.4
2021/4/6 22:35,419,18.9,43.1,9.4
2021/4/6 22:36,424,18.9,43.1,9.4
2021/4/6 22:37,425,18.9,43.1,9.4
2021/4/6 22:38,423,19,43.1,9.4
2021/4/6 22:39,420,19,43.1,9.4
2021/4/6 22:40,417,18.9,43.1,9.4
2021/4/6 22:41,418,18.9,43.1,9.4
2021/4/6 22:42,419,18.9,43.1,9.4
2021/4/6 22:43,418,18.9,43.1,9.4
2021/4/6 22:44,421,18.9,43.1,9.4
2021/4/6 22:45,417,18.9,43,9.4
2021/4/6 22:46,417,18.9,43.1,9.4
2021/4/6 22:47,417,18.9,43.1,9.4
2021/4/6 22:48,418,18.9,43.1,9.4
2021/4/6 22:49,415,18.9,43.1,9.4
2021/4/6 22:50,415,18.9,43.1,9.4
2021/4/6 22:51,415,18.9,43.1,9.4
2021/4/6 22:52,413,18.9,43.1,9.4
2021/4/6 22:53,414,18.9,43.1,9.4
2021/4/6 22:54,416,18.9,43.2,9.4
2021/4/6 22:55,415,18.9,43.1,9.4
2021/4/6 22:56,415,18.9,43.1,9.4
2021/4/6 22:57,417,18.9,43.2,9.4
2021/4/6 22:58,419,18.9,43.2,9.4
2021/4/6 22:59,418,18.9,43.2,9.4
2021/4/6 23:00,419,18.9,43.1,9.4
2021/4/6 23:01,417,18.9,43.2,9.4
2021/4/6 23:02,418,18.9,43.2,9.4
2021/4/6 23:03,416,18.9,43.1,9.4
2021/4/6 23:04,415,18.9,43.2,9.4
2021/4/6 23:05,416,18.9,43.1,9.4
2021/4/6 23:06,416,18.8,43.2,9.4
2021/4/6 23:07,418,18.9,43.1,9.4
2021/4/6 23:08,418,18.9,43.1,9.4
2021/4/6 23:09,417,18.9,43.2,9.4
2021/4/6 23:10,414,18.9,43.1,9.4
2021/4/6 23:11,415,18.9,43.2,9.4
2021/4/6 23:12,414,18.9,43.2,9.4
2021/4/6 23:13,413,18.9,43.1,9.4
2021/4/6 23:14,412,18.9,43.1,9.4
2021/4/6 23:15,416,18.9,43.1,9.4
2021/4/6 23:16,417,18.8,43.1,9.4
2021/4/6 23:17,417,18.9,43.1,9.4
2021/4/6 23:18,416,18.9,43.1,9.4
2021/4/6 23:19,416,18.9,43.1,9.4
2021/4/6 23:20,416,18.9,43.1,9.4
2021/4/6 23:21,416,18.9,43.1,9.4
2021/4/6 23:22,418,18.8,43.1,9.4
2021/4/6 23:23,418,18.9,43.1,9.4
2021/4/6 23:24,418,18.9,43.1,9.4
2021/4/6 23:25,418,18.9,43.1,9.4
2021/4/6 23:26,417,18.9,43.1,9.4
2021/4/6 23:27,416,18.8,43.1,9.4
2021/4/6 23:28,413,18.8,43.1,9.4
2021/4/6 23:29,414,18.9,43.1,9.4
2021/4/6 23:30,418,18.9,43.1,9.4
2021/4/6 23:31,416,18.9,43.1,9.4
2021/4/6 23:32,415,18.8,43.1,9.4
2021/4/6 23:33,413,18.8,43.1,9.4
2021/4/6 23:34,416,18.9,43.1,9.4
2021/4/6 23:35,415,18.8,43.1,9.4
2021/4/6 23:36,415,18.8,43.1,9.4
2021/4/6 23:37,416,18.9,43,9.4
2021/4/6 23:38,414,18.8,43.1,9.4
2021/4/6 23:39,415,18.8,43.1,9.4
2021/4/6 23:40,413,18.8,43.1,9.4
2021/4/6 23:41,417,18.8,43.1,9.4
2021/4/6 23:42,417,18.9,43.1,9.4
2021/4/6 23:43,417,18.8,43.1,9.3
2021/4/6 23:44,417,18.8,43.1,9.4
2021/4/6 23:45,419,18.8,43.1,9.4
2021/4/6 23:46,416,18.8,43.1,9.4
2021/4/6 23:47,416,18.8,43.1,9.4
2021/4/6 23:48,419,18.8,43,9.4
2021/4/6 23:49,419,18.8,43.1,9.4
2021/4/6 23:50,419,18.8,43.1,9.3
2021/4/6 23:51,420,18.8,43.1,9.3
2021/4/6 23:52,415,18.8,43.1,9.4
2021/4/6 23:53,417,18.8,43,9.3
2021/4/6 23:54,418,18.8,43.1,9.3
2021/4/6 23:55,420,18.8,42.9,9.3
2021/4/6 23:56,416,18.8,43,9.3
2021/4/6 23:57,416,18.8,43,9.3
2021/4/6 23:58,416,18.8,43,9.3
2021/4/6 23:59,413,18.8,43,9.3